name,market,popularity
Starboy,AD,93
Die For You,AD,90
"One Of The Girls (with JENNIE, Lily Rose Depp)",AD,93
Blinding Lights,AD,91
Creepin' (with The Weeknd & 21 Savage),AD,91
Popular (with Playboi Carti & Madonna) - Music from the HBO Original Series,AD,91
Stargirl Interlude,AD,87
Die For You (with Ariana Grande) - Remix,AD,83
Save Your Tears,AD,88
Reminder,AD,88
Starboy,AE,93
Die For You,AE,90
"One Of The Girls (with JENNIE, Lily Rose Depp)",AE,93
Blinding Lights,AE,91
Creepin' (with The Weeknd & 21 Savage),AE,91
Popular (with Playboi Carti & Madonna) - Music from the HBO Original Series,AE,91
Stargirl Interlude,AE,87
Die For You (with Ariana Grande) - Remix,AE,83
Save Your Tears,AE,88
Reminder,AE,88
Starboy,AG,93
Die For You,AG,90
"One Of The Girls (with JENNIE, Lily Rose Depp)",AG,93
Blinding Lights,AG,91
Creepin' (with The Weeknd & 21 Savage),AG,91
Popular (with Playboi Carti & Madonna) - Music from the HBO Original Series,AG,91
Stargirl Interlude,AG,87
Die For You (with Ariana Grande) - Remix,AG,83
Save Your Tears,AG,88
Reminder,AG,88
Starboy,AL,93
Die For You,AL,90
"One Of The Girls (with JENNIE, Lily Rose Depp)",AL,93
Blinding Lights,AL,91
Creepin' (with The Weeknd & 21 Savage),AL,91
Popular (with Playboi Carti & Madonna) - Music from the HBO Original Series,AL,91
Stargirl Interlude,AL,87
Die For You (with Ariana Grande) - Remix,AL,83
Save Your Tears,AL,88
Reminder,AL,88
Starboy,AM,93
Die For You,AM,90
"One Of The Girls (with JENNIE, Lily Rose Depp)",AM,93
Blinding Lights,AM,91
Creepin' (with The Weeknd & 21 Savage),AM,91
Popular (with Playboi Carti & Madonna) - Music from the HBO Original Series,AM,91
Stargirl Interlude,AM,87
Die For You (with Ariana Grande) - Remix,AM,83
Save Your Tears,AM,88
Reminder,AM,88
Starboy,AO,93
Die For You,AO,90
"One Of The Girls (with JENNIE, Lily Rose Depp)",AO,93
Blinding Lights,AO,91
Creepin' (with The Weeknd & 21 Savage),AO,91
Popular (with Playboi Carti & Madonna) - Music from the HBO Original Series,AO,91
Stargirl Interlude,AO,87
Die For You (with Ariana Grande) - Remix,AO,83
Save Your Tears,AO,88
Reminder,AO,88
Starboy,AR,93
Die For You,AR,90
"One Of The Girls (with JENNIE, Lily Rose Depp)",AR,93
Blinding Lights,AR,91
Creepin' (with The Weeknd & 21 Savage),AR,91
Popular (with Playboi Carti & Madonna) - Music from the HBO Original Series,AR,91
Stargirl Interlude,AR,87
Die For You (with Ariana Grande) - Remix,AR,83
Save Your Tears,AR,88
Reminder,AR,88
Starboy,AT,93
Die For You,AT,90
"One Of The Girls (with JENNIE, Lily Rose Depp)",AT,93
Blinding Lights,AT,91
Creepin' (with The Weeknd & 21 Savage),AT,91
Popular (with Playboi Carti & Madonna) - Music from the HBO Original Series,AT,91
Stargirl Interlude,AT,87
Die For You (with Ariana Grande) - Remix,AT,83
Save Your Tears,AT,88
Reminder,AT,88
Starboy,AU,93
Die For You,AU,90
"One Of The Girls (with JENNIE, Lily Rose Depp)",AU,93
Blinding Lights,AU,91
Creepin' (with The Weeknd & 21 Savage),AU,91
Popular (with Playboi Carti & Madonna) - Music from the HBO Original Series,AU,91
Stargirl Interlude,AU,87
Die For You (with Ariana Grande) - Remix,AU,83
Save Your Tears,AU,88
Reminder,AU,88
Starboy,AZ,93
Die For You,AZ,90
"One Of The Girls (with JENNIE, Lily Rose Depp)",AZ,93
Blinding Lights,AZ,91
Creepin' (with The Weeknd & 21 Savage),AZ,91
Popular (with Playboi Carti & Madonna) - Music from the HBO Original Series,AZ,91
Stargirl Interlude,AZ,87
Die For You (with Ariana Grande) - Remix,AZ,83
Save Your Tears,AZ,88
Reminder,AZ,88
Starboy,BA,93
Die For You,BA,90
"One Of The Girls (with JENNIE, Lily Rose Depp)",BA,93
Blinding Lights,BA,91
Creepin' (with The Weeknd & 21 Savage),BA,91
Popular (with Playboi Carti & Madonna) - Music from the HBO Original Series,BA,91
Stargirl Interlude,BA,87
Die For You (with Ariana Grande) - Remix,BA,83
Save Your Tears,BA,88
Reminder,BA,88
Starboy,BB,93
Die For You,BB,90
"One Of The Girls (with JENNIE, Lily Rose Depp)",BB,93
Blinding Lights,BB,91
Creepin' (with The Weeknd & 21 Savage),BB,91
Popular (with Playboi Carti & Madonna) - Music from the HBO Original Series,BB,91
Stargirl Interlude,BB,87
Die For You (with Ariana Grande) - Remix,BB,83
Save Your Tears,BB,88
Reminder,BB,88
Starboy,BD,93
Die For You,BD,90
"One Of The Girls (with JENNIE, Lily Rose Depp)",BD,93
Blinding Lights,BD,91
Creepin' (with The Weeknd & 21 Savage),BD,91
Popular (with Playboi Carti & Madonna) - Music from the HBO Original Series,BD,91
Stargirl Interlude,BD,87
Die For You (with Ariana Grande) - Remix,BD,83
Save Your Tears,BD,88
Reminder,BD,88
Starboy,BE,93
Die For You,BE,90
"One Of The Girls (with JENNIE, Lily Rose Depp)",BE,93
Blinding Lights,BE,91
Creepin' (with The Weeknd & 21 Savage),BE,91
Popular (with Playboi Carti & Madonna) - Music from the HBO Original Series,BE,91
Stargirl Interlude,BE,87
Die For You (with Ariana Grande) - Remix,BE,83
Save Your Tears,BE,88
Reminder,BE,88
Starboy,BF,93
Die For You,BF,90
"One Of The Girls (with JENNIE, Lily Rose Depp)",BF,93
Blinding Lights,BF,91
Creepin' (with The Weeknd & 21 Savage),BF,91
Popular (with Playboi Carti & Madonna) - Music from the HBO Original Series,BF,91
Stargirl Interlude,BF,87
Die For You (with Ariana Grande) - Remix,BF,83
Save Your Tears,BF,88
Reminder,BF,88
Starboy,BG,93
Die For You,BG,90
"One Of The Girls (with JENNIE, Lily Rose Depp)",BG,93
Blinding Lights,BG,91
Creepin' (with The Weeknd & 21 Savage),BG,91
Popular (with Playboi Carti & Madonna) - Music from the HBO Original Series,BG,91
Stargirl Interlude,BG,87
Die For You (with Ariana Grande) - Remix,BG,83
Save Your Tears,BG,88
Reminder,BG,88
Starboy,BH,93
Die For You,BH,90
"One Of The Girls (with JENNIE, Lily Rose Depp)",BH,93
Blinding Lights,BH,91
Creepin' (with The Weeknd & 21 Savage),BH,91
Popular (with Playboi Carti & Madonna) - Music from the HBO Original Series,BH,91
Stargirl Interlude,BH,87
Die For You (with Ariana Grande) - Remix,BH,83
Save Your Tears,BH,88
Reminder,BH,88
Starboy,BI,93
Die For You,BI,90
"One Of The Girls (with JENNIE, Lily Rose Depp)",BI,93
Blinding Lights,BI,91
Creepin' (with The Weeknd & 21 Savage),BI,91
Popular (with Playboi Carti & Madonna) - Music from the HBO Original Series,BI,91
Stargirl Interlude,BI,87
Die For You (with Ariana Grande) - Remix,BI,83
Save Your Tears,BI,88
Reminder,BI,88
Starboy,BJ,93
Die For You,BJ,90
"One Of The Girls (with JENNIE, Lily Rose Depp)",BJ,93
Blinding Lights,BJ,91
Creepin' (with The Weeknd & 21 Savage),BJ,91
Popular (with Playboi Carti & Madonna) - Music from the HBO Original Series,BJ,91
Stargirl Interlude,BJ,87
Die For You (with Ariana Grande) - Remix,BJ,83
Save Your Tears,BJ,88
Reminder,BJ,88
Starboy,BN,93
Die For You,BN,90
"One Of The Girls (with JENNIE, Lily Rose Depp)",BN,93
Blinding Lights,BN,91
Creepin' (with The Weeknd & 21 Savage),BN,91
Popular (with Playboi Carti & Madonna) - Music from the HBO Original Series,BN,91
Stargirl Interlude,BN,87
Die For You (with Ariana Grande) - Remix,BN,83
Save Your Tears,BN,88
Reminder,BN,88
Starboy,BO,93
Die For You,BO,90
"One Of The Girls (with JENNIE, Lily Rose Depp)",BO,93
Blinding Lights,BO,91
Creepin' (with The Weeknd & 21 Savage),BO,91
Popular (with Playboi Carti & Madonna) - Music from the HBO Original Series,BO,91
Stargirl Interlude,BO,87
Die For You (with Ariana Grande) - Remix,BO,83
Save Your Tears,BO,88
Reminder,BO,88
Starboy,BR,93
Die For You,BR,90
"One Of The Girls (with JENNIE, Lily Rose Depp)",BR,93
Blinding Lights,BR,91
Creepin' (with The Weeknd & 21 Savage),BR,91
Popular (with Playboi Carti & Madonna) - Music from the HBO Original Series,BR,91
Stargirl Interlude,BR,87
Die For You (with Ariana Grande) - Remix,BR,83
Save Your Tears,BR,88
Reminder,BR,88
Starboy,BS,93
Die For You,BS,90
"One Of The Girls (with JENNIE, Lily Rose Depp)",BS,93
Blinding Lights,BS,91
Creepin' (with The Weeknd & 21 Savage),BS,91
Popular (with Playboi Carti & Madonna) - Music from the HBO Original Series,BS,91
Stargirl Interlude,BS,87
Die For You (with Ariana Grande) - Remix,BS,83
Save Your Tears,BS,88
Reminder,BS,88
Starboy,BT,93
Die For You,BT,90
"One Of The Girls (with JENNIE, Lily Rose Depp)",BT,93
Blinding Lights,BT,91
Creepin' (with The Weeknd & 21 Savage),BT,91
Popular (with Playboi Carti & Madonna) - Music from the HBO Original Series,BT,91
Stargirl Interlude,BT,87
Die For You (with Ariana Grande) - Remix,BT,83
Save Your Tears,BT,88
Reminder,BT,88
Starboy,BW,93
Die For You,BW,90
"One Of The Girls (with JENNIE, Lily Rose Depp)",BW,93
Blinding Lights,BW,91
Creepin' (with The Weeknd & 21 Savage),BW,91
Popular (with Playboi Carti & Madonna) - Music from the HBO Original Series,BW,91
Stargirl Interlude,BW,87
Die For You (with Ariana Grande) - Remix,BW,83
Save Your Tears,BW,88
Reminder,BW,88
Starboy,BY,93
Die For You,BY,90
Blinding Lights,BY,91
Stargirl Interlude,BY,87
Save Your Tears,BY,88
Reminder,BY,88
The Hills,BY,88
Save Your Tears (with Ariana Grande) (Remix),BY,83
Call Out My Name,BY,45
I Was Never There,BY,45
Starboy,BZ,93
Die For You,BZ,90
"One Of The Girls (with JENNIE, Lily Rose Depp)",BZ,93
Blinding Lights,BZ,91
Creepin' (with The Weeknd & 21 Savage),BZ,91
Popular (with Playboi Carti & Madonna) - Music from the HBO Original Series,BZ,91
Stargirl Interlude,BZ,87
Die For You (with Ariana Grande) - Remix,BZ,83
Save Your Tears,BZ,88
Reminder,BZ,88
Starboy,CA,93
Die For You,CA,90
"One Of The Girls (with JENNIE, Lily Rose Depp)",CA,93
Blinding Lights,CA,91
Creepin' (with The Weeknd & 21 Savage),CA,91
Popular (with Playboi Carti & Madonna) - Music from the HBO Original Series,CA,91
Stargirl Interlude,CA,87
Die For You (with Ariana Grande) - Remix,CA,83
Save Your Tears,CA,88
Reminder,CA,88
Starboy,CD,93
Die For You,CD,90
"One Of The Girls (with JENNIE, Lily Rose Depp)",CD,93
Blinding Lights,CD,91
Creepin' (with The Weeknd & 21 Savage),CD,91
Popular (with Playboi Carti & Madonna) - Music from the HBO Original Series,CD,91
Stargirl Interlude,CD,87
Die For You (with Ariana Grande) - Remix,CD,83
Save Your Tears,CD,88
Reminder,CD,88
Starboy,CG,93
Die For You,CG,90
"One Of The Girls (with JENNIE, Lily Rose Depp)",CG,93
Blinding Lights,CG,91
Creepin' (with The Weeknd & 21 Savage),CG,91
Popular (with Playboi Carti & Madonna) - Music from the HBO Original Series,CG,91
Stargirl Interlude,CG,87
Die For You (with Ariana Grande) - Remix,CG,83
Save Your Tears,CG,88
Reminder,CG,88
Starboy,CH,93
Die For You,CH,90
"One Of The Girls (with JENNIE, Lily Rose Depp)",CH,93
Blinding Lights,CH,91
Creepin' (with The Weeknd & 21 Savage),CH,91
Popular (with Playboi Carti & Madonna) - Music from the HBO Original Series,CH,91
Stargirl Interlude,CH,87
Die For You (with Ariana Grande) - Remix,CH,83
Save Your Tears,CH,88
Reminder,CH,88
Starboy,CI,93
Die For You,CI,90
"One Of The Girls (with JENNIE, Lily Rose Depp)",CI,93
Blinding Lights,CI,91
Creepin' (with The Weeknd & 21 Savage),CI,91
Popular (with Playboi Carti & Madonna) - Music from the HBO Original Series,CI,91
Stargirl Interlude,CI,87
Die For You (with Ariana Grande) - Remix,CI,83
Save Your Tears,CI,88
Reminder,CI,88
Starboy,CL,93
Die For You,CL,90
"One Of The Girls (with JENNIE, Lily Rose Depp)",CL,93
Blinding Lights,CL,91
Creepin' (with The Weeknd & 21 Savage),CL,91
Popular (with Playboi Carti & Madonna) - Music from the HBO Original Series,CL,91
Stargirl Interlude,CL,87
Die For You (with Ariana Grande) - Remix,CL,83
Save Your Tears,CL,88
Reminder,CL,88
Starboy,CM,93
Die For You,CM,90
"One Of The Girls (with JENNIE, Lily Rose Depp)",CM,93
Blinding Lights,CM,91
Creepin' (with The Weeknd & 21 Savage),CM,91
Popular (with Playboi Carti & Madonna) - Music from the HBO Original Series,CM,91
Stargirl Interlude,CM,87
Die For You (with Ariana Grande) - Remix,CM,83
Save Your Tears,CM,88
Reminder,CM,88
Starboy,CO,93
Die For You,CO,90
"One Of The Girls (with JENNIE, Lily Rose Depp)",CO,93
Blinding Lights,CO,91
Creepin' (with The Weeknd & 21 Savage),CO,91
Popular (with Playboi Carti & Madonna) - Music from the HBO Original Series,CO,91
Stargirl Interlude,CO,87
Die For You (with Ariana Grande) - Remix,CO,83
Save Your Tears,CO,88
Reminder,CO,88
Starboy,CR,93
Die For You,CR,90
"One Of The Girls (with JENNIE, Lily Rose Depp)",CR,93
Blinding Lights,CR,91
Creepin' (with The Weeknd & 21 Savage),CR,91
Popular (with Playboi Carti & Madonna) - Music from the HBO Original Series,CR,91
Stargirl Interlude,CR,87
Die For You (with Ariana Grande) - Remix,CR,83
Save Your Tears,CR,88
Reminder,CR,88
Starboy,CV,93
Die For You,CV,90
"One Of The Girls (with JENNIE, Lily Rose Depp)",CV,93
Blinding Lights,CV,91
Creepin' (with The Weeknd & 21 Savage),CV,91
Popular (with Playboi Carti & Madonna) - Music from the HBO Original Series,CV,91
Stargirl Interlude,CV,87
Die For You (with Ariana Grande) - Remix,CV,83
Save Your Tears,CV,88
Reminder,CV,88
Starboy,CW,93
Die For You,CW,90
"One Of The Girls (with JENNIE, Lily Rose Depp)",CW,93
Blinding Lights,CW,91
Creepin' (with The Weeknd & 21 Savage),CW,91
Popular (with Playboi Carti & Madonna) - Music from the HBO Original Series,CW,91
Stargirl Interlude,CW,87
Die For You (with Ariana Grande) - Remix,CW,83
Save Your Tears,CW,88
Reminder,CW,88
Starboy,CY,93
Die For You,CY,90
"One Of The Girls (with JENNIE, Lily Rose Depp)",CY,93
Blinding Lights,CY,91
Creepin' (with The Weeknd & 21 Savage),CY,91
Popular (with Playboi Carti & Madonna) - Music from the HBO Original Series,CY,91
Stargirl Interlude,CY,87
Die For You (with Ariana Grande) - Remix,CY,83
Save Your Tears,CY,88
Reminder,CY,88
Starboy,CZ,93
Die For You,CZ,90
"One Of The Girls (with JENNIE, Lily Rose Depp)",CZ,93
Blinding Lights,CZ,91
Creepin' (with The Weeknd & 21 Savage),CZ,91
Popular (with Playboi Carti & Madonna) - Music from the HBO Original Series,CZ,91
Stargirl Interlude,CZ,87
Die For You (with Ariana Grande) - Remix,CZ,83
Save Your Tears,CZ,88
Reminder,CZ,88
Starboy,DE,93
Die For You,DE,90
"One Of The Girls (with JENNIE, Lily Rose Depp)",DE,93
Blinding Lights,DE,91
Creepin' (with The Weeknd & 21 Savage),DE,91
Popular (with Playboi Carti & Madonna) - Music from the HBO Original Series,DE,91
Stargirl Interlude,DE,87
Die For You (with Ariana Grande) - Remix,DE,83
Save Your Tears,DE,88
Reminder,DE,88
Starboy,DJ,93
Die For You,DJ,90
"One Of The Girls (with JENNIE, Lily Rose Depp)",DJ,93
Blinding Lights,DJ,91
Creepin' (with The Weeknd & 21 Savage),DJ,91
Popular (with Playboi Carti & Madonna) - Music from the HBO Original Series,DJ,91
Stargirl Interlude,DJ,87
Die For You (with Ariana Grande) - Remix,DJ,83
Save Your Tears,DJ,88
Reminder,DJ,88
Starboy,DK,93
Die For You,DK,90
"One Of The Girls (with JENNIE, Lily Rose Depp)",DK,93
Blinding Lights,DK,91
Creepin' (with The Weeknd & 21 Savage),DK,91
Popular (with Playboi Carti & Madonna) - Music from the HBO Original Series,DK,91
Stargirl Interlude,DK,87
Die For You (with Ariana Grande) - Remix,DK,83
Save Your Tears,DK,88
Reminder,DK,88
Starboy,DM,93
Die For You,DM,90
"One Of The Girls (with JENNIE, Lily Rose Depp)",DM,93
Blinding Lights,DM,91
Creepin' (with The Weeknd & 21 Savage),DM,91
Popular (with Playboi Carti & Madonna) - Music from the HBO Original Series,DM,91
Stargirl Interlude,DM,87
Die For You (with Ariana Grande) - Remix,DM,83
Save Your Tears,DM,88
Reminder,DM,88
Starboy,DO,93
Die For You,DO,90
"One Of The Girls (with JENNIE, Lily Rose Depp)",DO,93
Blinding Lights,DO,91
Creepin' (with The Weeknd & 21 Savage),DO,91
Popular (with Playboi Carti & Madonna) - Music from the HBO Original Series,DO,91
Stargirl Interlude,DO,87
Die For You (with Ariana Grande) - Remix,DO,83
Save Your Tears,DO,88
Reminder,DO,88
Starboy,DZ,93
Die For You,DZ,90
"One Of The Girls (with JENNIE, Lily Rose Depp)",DZ,93
Blinding Lights,DZ,91
Creepin' (with The Weeknd & 21 Savage),DZ,91
Popular (with Playboi Carti & Madonna) - Music from the HBO Original Series,DZ,91
Stargirl Interlude,DZ,87
Die For You (with Ariana Grande) - Remix,DZ,83
Save Your Tears,DZ,88
Reminder,DZ,88
Starboy,EC,93
Die For You,EC,90
"One Of The Girls (with JENNIE, Lily Rose Depp)",EC,93
Blinding Lights,EC,91
Creepin' (with The Weeknd & 21 Savage),EC,91
Popular (with Playboi Carti & Madonna) - Music from the HBO Original Series,EC,91
Stargirl Interlude,EC,87
Die For You (with Ariana Grande) - Remix,EC,83
Save Your Tears,EC,88
Reminder,EC,88
Starboy,EE,93
Die For You,EE,90
"One Of The Girls (with JENNIE, Lily Rose Depp)",EE,93
Blinding Lights,EE,91
Creepin' (with The Weeknd & 21 Savage),EE,91
Popular (with Playboi Carti & Madonna) - Music from the HBO Original Series,EE,91
Stargirl Interlude,EE,87
Die For You (with Ariana Grande) - Remix,EE,83
Save Your Tears,EE,88
Reminder,EE,88
Starboy,EG,93
Die For You,EG,90
"One Of The Girls (with JENNIE, Lily Rose Depp)",EG,93
Blinding Lights,EG,91
Creepin' (with The Weeknd & 21 Savage),EG,91
Popular (with Playboi Carti & Madonna) - Music from the HBO Original Series,EG,91
Stargirl Interlude,EG,87
Die For You (with Ariana Grande) - Remix,EG,83
Save Your Tears,EG,88
Reminder,EG,88
Starboy,ES,93
Die For You,ES,90
"One Of The Girls (with JENNIE, Lily Rose Depp)",ES,93
Blinding Lights,ES,91
Creepin' (with The Weeknd & 21 Savage),ES,91
Popular (with Playboi Carti & Madonna) - Music from the HBO Original Series,ES,91
Stargirl Interlude,ES,87
Die For You (with Ariana Grande) - Remix,ES,83
Save Your Tears,ES,88
Reminder,ES,88
Starboy,ET,93
Die For You,ET,90
"One Of The Girls (with JENNIE, Lily Rose Depp)",ET,93
Blinding Lights,ET,91
Creepin' (with The Weeknd & 21 Savage),ET,91
Popular (with Playboi Carti & Madonna) - Music from the HBO Original Series,ET,91
Stargirl Interlude,ET,87
Die For You (with Ariana Grande) - Remix,ET,83
Save Your Tears,ET,88
Reminder,ET,88
Starboy,FI,93
Die For You,FI,90
"One Of The Girls (with JENNIE, Lily Rose Depp)",FI,93
Blinding Lights,FI,91
Creepin' (with The Weeknd & 21 Savage),FI,91
Popular (with Playboi Carti & Madonna) - Music from the HBO Original Series,FI,91
Stargirl Interlude,FI,87
Die For You (with Ariana Grande) - Remix,FI,83
Save Your Tears,FI,88
Reminder,FI,88
Starboy,FJ,93
Die For You,FJ,90
"One Of The Girls (with JENNIE, Lily Rose Depp)",FJ,93
Blinding Lights,FJ,91
Creepin' (with The Weeknd & 21 Savage),FJ,91
Popular (with Playboi Carti & Madonna) - Music from the HBO Original Series,FJ,91
Stargirl Interlude,FJ,87
Die For You (with Ariana Grande) - Remix,FJ,83
Save Your Tears,FJ,88
Reminder,FJ,88
Starboy,FM,93
Die For You,FM,90
"One Of The Girls (with JENNIE, Lily Rose Depp)",FM,93
Blinding Lights,FM,91
Creepin' (with The Weeknd & 21 Savage),FM,91
Popular (with Playboi Carti & Madonna) - Music from the HBO Original Series,FM,91
Stargirl Interlude,FM,87
Die For You (with Ariana Grande) - Remix,FM,83
Save Your Tears,FM,88
Reminder,FM,88
Starboy,FR,93
Die For You,FR,90
"One Of The Girls (with JENNIE, Lily Rose Depp)",FR,93
Blinding Lights,FR,91
Creepin' (with The Weeknd & 21 Savage),FR,91
Popular (with Playboi Carti & Madonna) - Music from the HBO Original Series,FR,91
Stargirl Interlude,FR,87
Die For You (with Ariana Grande) - Remix,FR,83
Save Your Tears,FR,88
Reminder,FR,88
Starboy,GA,93
Die For You,GA,90
"One Of The Girls (with JENNIE, Lily Rose Depp)",GA,93
Blinding Lights,GA,91
Creepin' (with The Weeknd & 21 Savage),GA,91
Popular (with Playboi Carti & Madonna) - Music from the HBO Original Series,GA,91
Stargirl Interlude,GA,87
Die For You (with Ariana Grande) - Remix,GA,83
Save Your Tears,GA,88
Reminder,GA,88
Starboy,GB,93
Die For You,GB,90
"One Of The Girls (with JENNIE, Lily Rose Depp)",GB,93
Blinding Lights,GB,91
Creepin' (with The Weeknd & 21 Savage),GB,91
Popular (with Playboi Carti & Madonna) - Music from the HBO Original Series,GB,91
Stargirl Interlude,GB,87
Die For You (with Ariana Grande) - Remix,GB,83
Save Your Tears,GB,88
Reminder,GB,88
Starboy,GD,93
Die For You,GD,90
"One Of The Girls (with JENNIE, Lily Rose Depp)",GD,93
Blinding Lights,GD,91
Creepin' (with The Weeknd & 21 Savage),GD,91
Popular (with Playboi Carti & Madonna) - Music from the HBO Original Series,GD,91
Stargirl Interlude,GD,87
Die For You (with Ariana Grande) - Remix,GD,83
Save Your Tears,GD,88
Reminder,GD,88
Starboy,GE,93
Die For You,GE,90
"One Of The Girls (with JENNIE, Lily Rose Depp)",GE,93
Blinding Lights,GE,91
Creepin' (with The Weeknd & 21 Savage),GE,91
Popular (with Playboi Carti & Madonna) - Music from the HBO Original Series,GE,91
Stargirl Interlude,GE,87
Die For You (with Ariana Grande) - Remix,GE,83
Save Your Tears,GE,88
Reminder,GE,88
Starboy,GH,93
Die For You,GH,90
"One Of The Girls (with JENNIE, Lily Rose Depp)",GH,93
Blinding Lights,GH,91
Creepin' (with The Weeknd & 21 Savage),GH,91
Popular (with Playboi Carti & Madonna) - Music from the HBO Original Series,GH,91
Stargirl Interlude,GH,87
Die For You (with Ariana Grande) - Remix,GH,83
Save Your Tears,GH,88
Reminder,GH,88
Starboy,GM,93
Die For You,GM,90
"One Of The Girls (with JENNIE, Lily Rose Depp)",GM,93
Blinding Lights,GM,91
Creepin' (with The Weeknd & 21 Savage),GM,91
Popular (with Playboi Carti & Madonna) - Music from the HBO Original Series,GM,91
Stargirl Interlude,GM,87
Die For You (with Ariana Grande) - Remix,GM,83
Save Your Tears,GM,88
Reminder,GM,88
Starboy,GN,93
Die For You,GN,90
"One Of The Girls (with JENNIE, Lily Rose Depp)",GN,93
Blinding Lights,GN,91
Creepin' (with The Weeknd & 21 Savage),GN,91
Popular (with Playboi Carti & Madonna) - Music from the HBO Original Series,GN,91
Stargirl Interlude,GN,87
Die For You (with Ariana Grande) - Remix,GN,83
Save Your Tears,GN,88
Reminder,GN,88
Starboy,GQ,93
Die For You,GQ,90
"One Of The Girls (with JENNIE, Lily Rose Depp)",GQ,93
Blinding Lights,GQ,91
Creepin' (with The Weeknd & 21 Savage),GQ,91
Popular (with Playboi Carti & Madonna) - Music from the HBO Original Series,GQ,91
Stargirl Interlude,GQ,87
Die For You (with Ariana Grande) - Remix,GQ,83
Save Your Tears,GQ,88
Reminder,GQ,88
Starboy,GR,93
Die For You,GR,90
"One Of The Girls (with JENNIE, Lily Rose Depp)",GR,93
Blinding Lights,GR,91
Creepin' (with The Weeknd & 21 Savage),GR,91
Popular (with Playboi Carti & Madonna) - Music from the HBO Original Series,GR,91
Stargirl Interlude,GR,87
Die For You (with Ariana Grande) - Remix,GR,83
Save Your Tears,GR,88
Reminder,GR,88
Starboy,GT,93
Die For You,GT,90
"One Of The Girls (with JENNIE, Lily Rose Depp)",GT,93
Blinding Lights,GT,91
Creepin' (with The Weeknd & 21 Savage),GT,91
Popular (with Playboi Carti & Madonna) - Music from the HBO Original Series,GT,91
Stargirl Interlude,GT,87
Die For You (with Ariana Grande) - Remix,GT,83
Save Your Tears,GT,88
Reminder,GT,88
Starboy,GW,93
Die For You,GW,90
"One Of The Girls (with JENNIE, Lily Rose Depp)",GW,93
Blinding Lights,GW,91
Creepin' (with The Weeknd & 21 Savage),GW,91
Popular (with Playboi Carti & Madonna) - Music from the HBO Original Series,GW,91
Stargirl Interlude,GW,87
Die For You (with Ariana Grande) - Remix,GW,83
Save Your Tears,GW,88
Reminder,GW,88
Starboy,GY,93
Die For You,GY,90
"One Of The Girls (with JENNIE, Lily Rose Depp)",GY,93
Blinding Lights,GY,91
Creepin' (with The Weeknd & 21 Savage),GY,91
Popular (with Playboi Carti & Madonna) - Music from the HBO Original Series,GY,91
Stargirl Interlude,GY,87
Die For You (with Ariana Grande) - Remix,GY,83
Save Your Tears,GY,88
Reminder,GY,88
Starboy,HK,93
Die For You,HK,90
"One Of The Girls (with JENNIE, Lily Rose Depp)",HK,93
Blinding Lights,HK,91
Creepin' (with The Weeknd & 21 Savage),HK,91
Popular (with Playboi Carti & Madonna) - Music from the HBO Original Series,HK,91
Stargirl Interlude,HK,87
Die For You (with Ariana Grande) - Remix,HK,83
Save Your Tears,HK,88
Reminder,HK,88
Starboy,HN,93
Die For You,HN,90
"One Of The Girls (with JENNIE, Lily Rose Depp)",HN,93
Blinding Lights,HN,91
Creepin' (with The Weeknd & 21 Savage),HN,91
Popular (with Playboi Carti & Madonna) - Music from the HBO Original Series,HN,91
Stargirl Interlude,HN,87
Die For You (with Ariana Grande) - Remix,HN,83
Save Your Tears,HN,88
Reminder,HN,88
Starboy,HR,93
Die For You,HR,90
"One Of The Girls (with JENNIE, Lily Rose Depp)",HR,93
Blinding Lights,HR,91
Creepin' (with The Weeknd & 21 Savage),HR,91
Popular (with Playboi Carti & Madonna) - Music from the HBO Original Series,HR,91
Stargirl Interlude,HR,87
Die For You (with Ariana Grande) - Remix,HR,83
Save Your Tears,HR,88
Reminder,HR,88
Starboy,HT,93
Die For You,HT,90
"One Of The Girls (with JENNIE, Lily Rose Depp)",HT,93
Blinding Lights,HT,91
Creepin' (with The Weeknd & 21 Savage),HT,91
Popular (with Playboi Carti & Madonna) - Music from the HBO Original Series,HT,91
Stargirl Interlude,HT,87
Die For You (with Ariana Grande) - Remix,HT,83
Save Your Tears,HT,88
Reminder,HT,88
Starboy,HU,93
Die For You,HU,90
"One Of The Girls (with JENNIE, Lily Rose Depp)",HU,93
Blinding Lights,HU,91
Creepin' (with The Weeknd & 21 Savage),HU,91
Popular (with Playboi Carti & Madonna) - Music from the HBO Original Series,HU,91
Stargirl Interlude,HU,87
Die For You (with Ariana Grande) - Remix,HU,83
Save Your Tears,HU,88
Reminder,HU,88
Starboy,ID,93
Die For You,ID,90
"One Of The Girls (with JENNIE, Lily Rose Depp)",ID,93
Blinding Lights,ID,91
Creepin' (with The Weeknd & 21 Savage),ID,91
Popular (with Playboi Carti & Madonna) - Music from the HBO Original Series,ID,91
Stargirl Interlude,ID,87
Die For You (with Ariana Grande) - Remix,ID,83
Save Your Tears,ID,88
Reminder,ID,88
Starboy,IE,93
Die For You,IE,90
"One Of The Girls (with JENNIE, Lily Rose Depp)",IE,93
Blinding Lights,IE,91
Creepin' (with The Weeknd & 21 Savage),IE,91
Popular (with Playboi Carti & Madonna) - Music from the HBO Original Series,IE,91
Stargirl Interlude,IE,87
Die For You (with Ariana Grande) - Remix,IE,83
Save Your Tears,IE,88
Reminder,IE,88
Starboy,IL,93
Die For You,IL,90
"One Of The Girls (with JENNIE, Lily Rose Depp)",IL,93
Blinding Lights,IL,91
Creepin' (with The Weeknd & 21 Savage),IL,91
Popular (with Playboi Carti & Madonna) - Music from the HBO Original Series,IL,91
Stargirl Interlude,IL,87
Die For You (with Ariana Grande) - Remix,IL,83
Save Your Tears,IL,88
Reminder,IL,88
Starboy,IN,93
Die For You,IN,90
"One Of The Girls (with JENNIE, Lily Rose Depp)",IN,93
Blinding Lights,IN,91
Creepin' (with The Weeknd & 21 Savage),IN,91
Popular (with Playboi Carti & Madonna) - Music from the HBO Original Series,IN,91
Stargirl Interlude,IN,87
Die For You (with Ariana Grande) - Remix,IN,83
Save Your Tears,IN,88
Reminder,IN,88
Starboy,IQ,93
Die For You,IQ,90
"One Of The Girls (with JENNIE, Lily Rose Depp)",IQ,93
Blinding Lights,IQ,91
Creepin' (with The Weeknd & 21 Savage),IQ,91
Popular (with Playboi Carti & Madonna) - Music from the HBO Original Series,IQ,91
Stargirl Interlude,IQ,87
Die For You (with Ariana Grande) - Remix,IQ,83
Save Your Tears,IQ,88
Reminder,IQ,88
Starboy,IS,93
Die For You,IS,90
"One Of The Girls (with JENNIE, Lily Rose Depp)",IS,93
Blinding Lights,IS,91
Creepin' (with The Weeknd & 21 Savage),IS,91
Popular (with Playboi Carti & Madonna) - Music from the HBO Original Series,IS,91
Stargirl Interlude,IS,87
Die For You (with Ariana Grande) - Remix,IS,83
Save Your Tears,IS,88
Reminder,IS,88
Starboy,IT,93
Die For You,IT,90
"One Of The Girls (with JENNIE, Lily Rose Depp)",IT,93
Blinding Lights,IT,91
Creepin' (with The Weeknd & 21 Savage),IT,91
Popular (with Playboi Carti & Madonna) - Music from the HBO Original Series,IT,91
Stargirl Interlude,IT,87
Die For You (with Ariana Grande) - Remix,IT,83
Save Your Tears,IT,88
Reminder,IT,88
Starboy,JM,93
Die For You,JM,90
"One Of The Girls (with JENNIE, Lily Rose Depp)",JM,93
Blinding Lights,JM,91
Creepin' (with The Weeknd & 21 Savage),JM,91
Popular (with Playboi Carti & Madonna) - Music from the HBO Original Series,JM,91
Stargirl Interlude,JM,87
Die For You (with Ariana Grande) - Remix,JM,83
Save Your Tears,JM,88
Reminder,JM,88
Starboy,JO,93
Die For You,JO,90
"One Of The Girls (with JENNIE, Lily Rose Depp)",JO,93
Blinding Lights,JO,91
Creepin' (with The Weeknd & 21 Savage),JO,91
Popular (with Playboi Carti & Madonna) - Music from the HBO Original Series,JO,91
Stargirl Interlude,JO,87
Die For You (with Ariana Grande) - Remix,JO,83
Save Your Tears,JO,88
Reminder,JO,88
Starboy,JP,93
Die For You,JP,90
"One Of The Girls (with JENNIE, Lily Rose Depp)",JP,93
Blinding Lights,JP,91
Creepin' (with The Weeknd & 21 Savage),JP,91
Popular (with Playboi Carti & Madonna) - Music from the HBO Original Series,JP,91
Stargirl Interlude,JP,87
Die For You (with Ariana Grande) - Remix,JP,83
Save Your Tears,JP,88
Reminder,JP,88
Starboy,KE,93
Die For You,KE,90
"One Of The Girls (with JENNIE, Lily Rose Depp)",KE,93
Blinding Lights,KE,91
Creepin' (with The Weeknd & 21 Savage),KE,91
Popular (with Playboi Carti & Madonna) - Music from the HBO Original Series,KE,91
Stargirl Interlude,KE,87
Die For You (with Ariana Grande) - Remix,KE,83
Save Your Tears,KE,88
Reminder,KE,88
Starboy,KG,93
Die For You,KG,90
"One Of The Girls (with JENNIE, Lily Rose Depp)",KG,93
Blinding Lights,KG,91
Creepin' (with The Weeknd & 21 Savage),KG,91
Popular (with Playboi Carti & Madonna) - Music from the HBO Original Series,KG,91
Stargirl Interlude,KG,87
Die For You (with Ariana Grande) - Remix,KG,83
Save Your Tears,KG,88
Reminder,KG,88
Starboy,KH,93
Die For You,KH,90
"One Of The Girls (with JENNIE, Lily Rose Depp)",KH,93
Blinding Lights,KH,91
Creepin' (with The Weeknd & 21 Savage),KH,91
Popular (with Playboi Carti & Madonna) - Music from the HBO Original Series,KH,91
Stargirl Interlude,KH,87
Die For You (with Ariana Grande) - Remix,KH,83
Save Your Tears,KH,88
Reminder,KH,88
Starboy,KI,93
Die For You,KI,90
"One Of The Girls (with JENNIE, Lily Rose Depp)",KI,93
Blinding Lights,KI,91
Creepin' (with The Weeknd & 21 Savage),KI,91
Popular (with Playboi Carti & Madonna) - Music from the HBO Original Series,KI,91
Stargirl Interlude,KI,87
Die For You (with Ariana Grande) - Remix,KI,83
Save Your Tears,KI,88
Reminder,KI,88
Starboy,KM,93
Die For You,KM,90
"One Of The Girls (with JENNIE, Lily Rose Depp)",KM,93
Blinding Lights,KM,91
Creepin' (with The Weeknd & 21 Savage),KM,91
Popular (with Playboi Carti & Madonna) - Music from the HBO Original Series,KM,91
Stargirl Interlude,KM,87
Die For You (with Ariana Grande) - Remix,KM,83
Save Your Tears,KM,88
Reminder,KM,88
Starboy,KN,93
Die For You,KN,90
"One Of The Girls (with JENNIE, Lily Rose Depp)",KN,93
Blinding Lights,KN,91
Creepin' (with The Weeknd & 21 Savage),KN,91
Popular (with Playboi Carti & Madonna) - Music from the HBO Original Series,KN,91
Stargirl Interlude,KN,87
Die For You (with Ariana Grande) - Remix,KN,83
Save Your Tears,KN,88
Reminder,KN,88
Starboy,KR,93
Die For You,KR,90
"One Of The Girls (with JENNIE, Lily Rose Depp)",KR,93
Blinding Lights,KR,91
Creepin' (with The Weeknd & 21 Savage),KR,91
Popular (with Playboi Carti & Madonna) - Music from the HBO Original Series,KR,91
Stargirl Interlude,KR,87
Die For You (with Ariana Grande) - Remix,KR,83
Save Your Tears,KR,88
Reminder,KR,88
Starboy,KW,93
Die For You,KW,90
"One Of The Girls (with JENNIE, Lily Rose Depp)",KW,93
Blinding Lights,KW,91
Creepin' (with The Weeknd & 21 Savage),KW,91
Popular (with Playboi Carti & Madonna) - Music from the HBO Original Series,KW,91
Stargirl Interlude,KW,87
Die For You (with Ariana Grande) - Remix,KW,83
Save Your Tears,KW,88
Reminder,KW,88
Starboy,KZ,93
Die For You,KZ,90
"One Of The Girls (with JENNIE, Lily Rose Depp)",KZ,93
Blinding Lights,KZ,91
Creepin' (with The Weeknd & 21 Savage),KZ,91
Popular (with Playboi Carti & Madonna) - Music from the HBO Original Series,KZ,91
Stargirl Interlude,KZ,87
Die For You (with Ariana Grande) - Remix,KZ,83
Save Your Tears,KZ,88
Reminder,KZ,88
Starboy,LA,93
Die For You,LA,90
"One Of The Girls (with JENNIE, Lily Rose Depp)",LA,93
Blinding Lights,LA,91
Creepin' (with The Weeknd & 21 Savage),LA,91
Popular (with Playboi Carti & Madonna) - Music from the HBO Original Series,LA,91
Stargirl Interlude,LA,87
Die For You (with Ariana Grande) - Remix,LA,83
Save Your Tears,LA,88
Reminder,LA,88
Starboy,LB,93
Die For You,LB,90
"One Of The Girls (with JENNIE, Lily Rose Depp)",LB,93
Blinding Lights,LB,91
Creepin' (with The Weeknd & 21 Savage),LB,91
Popular (with Playboi Carti & Madonna) - Music from the HBO Original Series,LB,91
Stargirl Interlude,LB,87
Die For You (with Ariana Grande) - Remix,LB,83
Save Your Tears,LB,88
Reminder,LB,88
Starboy,LC,93
Die For You,LC,90
"One Of The Girls (with JENNIE, Lily Rose Depp)",LC,93
Blinding Lights,LC,91
Creepin' (with The Weeknd & 21 Savage),LC,91
Popular (with Playboi Carti & Madonna) - Music from the HBO Original Series,LC,91
Stargirl Interlude,LC,87
Die For You (with Ariana Grande) - Remix,LC,83
Save Your Tears,LC,88
Reminder,LC,88
Starboy,LI,93
Die For You,LI,90
"One Of The Girls (with JENNIE, Lily Rose Depp)",LI,93
Blinding Lights,LI,91
Creepin' (with The Weeknd & 21 Savage),LI,91
Popular (with Playboi Carti & Madonna) - Music from the HBO Original Series,LI,91
Stargirl Interlude,LI,87
Die For You (with Ariana Grande) - Remix,LI,83
Save Your Tears,LI,88
Reminder,LI,88
Starboy,LK,93
Die For You,LK,90
"One Of The Girls (with JENNIE, Lily Rose Depp)",LK,93
Blinding Lights,LK,91
Creepin' (with The Weeknd & 21 Savage),LK,91
Popular (with Playboi Carti & Madonna) - Music from the HBO Original Series,LK,91
Stargirl Interlude,LK,87
Die For You (with Ariana Grande) - Remix,LK,83
Save Your Tears,LK,88
Reminder,LK,88
Starboy,LR,93
Die For You,LR,90
"One Of The Girls (with JENNIE, Lily Rose Depp)",LR,93
Blinding Lights,LR,91
Creepin' (with The Weeknd & 21 Savage),LR,91
Popular (with Playboi Carti & Madonna) - Music from the HBO Original Series,LR,91
Stargirl Interlude,LR,87
Die For You (with Ariana Grande) - Remix,LR,83
Save Your Tears,LR,88
Reminder,LR,88
Starboy,LS,93
Die For You,LS,90
"One Of The Girls (with JENNIE, Lily Rose Depp)",LS,93
Blinding Lights,LS,91
Creepin' (with The Weeknd & 21 Savage),LS,91
Popular (with Playboi Carti & Madonna) - Music from the HBO Original Series,LS,91
Stargirl Interlude,LS,87
Die For You (with Ariana Grande) - Remix,LS,83
Save Your Tears,LS,88
Reminder,LS,88
Starboy,LT,93
Die For You,LT,90
"One Of The Girls (with JENNIE, Lily Rose Depp)",LT,93
Blinding Lights,LT,91
Creepin' (with The Weeknd & 21 Savage),LT,91
Popular (with Playboi Carti & Madonna) - Music from the HBO Original Series,LT,91
Stargirl Interlude,LT,87
Die For You (with Ariana Grande) - Remix,LT,83
Save Your Tears,LT,88
Reminder,LT,88
Starboy,LU,93
Die For You,LU,90
"One Of The Girls (with JENNIE, Lily Rose Depp)",LU,93
Blinding Lights,LU,91
Creepin' (with The Weeknd & 21 Savage),LU,91
Popular (with Playboi Carti & Madonna) - Music from the HBO Original Series,LU,91
Stargirl Interlude,LU,87
Die For You (with Ariana Grande) - Remix,LU,83
Save Your Tears,LU,88
Reminder,LU,88
Starboy,LV,93
Die For You,LV,90
"One Of The Girls (with JENNIE, Lily Rose Depp)",LV,93
Blinding Lights,LV,91
Creepin' (with The Weeknd & 21 Savage),LV,91
Popular (with Playboi Carti & Madonna) - Music from the HBO Original Series,LV,91
Stargirl Interlude,LV,87
Die For You (with Ariana Grande) - Remix,LV,83
Save Your Tears,LV,88
Reminder,LV,88
Starboy,LY,93
Die For You,LY,90
"One Of The Girls (with JENNIE, Lily Rose Depp)",LY,93
Blinding Lights,LY,91
Creepin' (with The Weeknd & 21 Savage),LY,91
Popular (with Playboi Carti & Madonna) - Music from the HBO Original Series,LY,91
Stargirl Interlude,LY,87
Die For You (with Ariana Grande) - Remix,LY,83
Save Your Tears,LY,88
Reminder,LY,88
Starboy,MA,93
Die For You,MA,90
"One Of The Girls (with JENNIE, Lily Rose Depp)",MA,93
Blinding Lights,MA,91
Creepin' (with The Weeknd & 21 Savage),MA,91
Popular (with Playboi Carti & Madonna) - Music from the HBO Original Series,MA,91
Stargirl Interlude,MA,87
Die For You (with Ariana Grande) - Remix,MA,83
Save Your Tears,MA,88
Reminder,MA,88
Starboy,MC,93
Die For You,MC,90
"One Of The Girls (with JENNIE, Lily Rose Depp)",MC,93
Blinding Lights,MC,91
Creepin' (with The Weeknd & 21 Savage),MC,91
Popular (with Playboi Carti & Madonna) - Music from the HBO Original Series,MC,91
Stargirl Interlude,MC,87
Die For You (with Ariana Grande) - Remix,MC,83
Save Your Tears,MC,88
Reminder,MC,88
Starboy,MD,93
Die For You,MD,90
"One Of The Girls (with JENNIE, Lily Rose Depp)",MD,93
Blinding Lights,MD,91
Creepin' (with The Weeknd & 21 Savage),MD,91
Popular (with Playboi Carti & Madonna) - Music from the HBO Original Series,MD,91
Stargirl Interlude,MD,87
Die For You (with Ariana Grande) - Remix,MD,83
Save Your Tears,MD,88
Reminder,MD,88
Starboy,ME,93
Die For You,ME,90
"One Of The Girls (with JENNIE, Lily Rose Depp)",ME,93
Blinding Lights,ME,91
Creepin' (with The Weeknd & 21 Savage),ME,91
Popular (with Playboi Carti & Madonna) - Music from the HBO Original Series,ME,91
Stargirl Interlude,ME,87
Die For You (with Ariana Grande) - Remix,ME,83
Save Your Tears,ME,88
Reminder,ME,88
Starboy,MG,93
Die For You,MG,90
"One Of The Girls (with JENNIE, Lily Rose Depp)",MG,93
Blinding Lights,MG,91
Creepin' (with The Weeknd & 21 Savage),MG,91
Popular (with Playboi Carti & Madonna) - Music from the HBO Original Series,MG,91
Stargirl Interlude,MG,87
Die For You (with Ariana Grande) - Remix,MG,83
Save Your Tears,MG,88
Reminder,MG,88
Starboy,MH,93
Die For You,MH,90
"One Of The Girls (with JENNIE, Lily Rose Depp)",MH,93
Blinding Lights,MH,91
Creepin' (with The Weeknd & 21 Savage),MH,91
Popular (with Playboi Carti & Madonna) - Music from the HBO Original Series,MH,91
Stargirl Interlude,MH,87
Die For You (with Ariana Grande) - Remix,MH,83
Save Your Tears,MH,88
Reminder,MH,88
Starboy,MK,93
Die For You,MK,90
"One Of The Girls (with JENNIE, Lily Rose Depp)",MK,93
Blinding Lights,MK,91
Creepin' (with The Weeknd & 21 Savage),MK,91
Popular (with Playboi Carti & Madonna) - Music from the HBO Original Series,MK,91
Stargirl Interlude,MK,87
Die For You (with Ariana Grande) - Remix,MK,83
Save Your Tears,MK,88
Reminder,MK,88
Starboy,ML,93
Die For You,ML,90
"One Of The Girls (with JENNIE, Lily Rose Depp)",ML,93
Blinding Lights,ML,91
Creepin' (with The Weeknd & 21 Savage),ML,91
Popular (with Playboi Carti & Madonna) - Music from the HBO Original Series,ML,91
Stargirl Interlude,ML,87
Die For You (with Ariana Grande) - Remix,ML,83
Save Your Tears,ML,88
Reminder,ML,88
Starboy,MN,93
Die For You,MN,90
"One Of The Girls (with JENNIE, Lily Rose Depp)",MN,93
Blinding Lights,MN,91
Creepin' (with The Weeknd & 21 Savage),MN,91
Popular (with Playboi Carti & Madonna) - Music from the HBO Original Series,MN,91
Stargirl Interlude,MN,87
Die For You (with Ariana Grande) - Remix,MN,83
Save Your Tears,MN,88
Reminder,MN,88
Starboy,MO,93
Die For You,MO,90
"One Of The Girls (with JENNIE, Lily Rose Depp)",MO,93
Blinding Lights,MO,91
Creepin' (with The Weeknd & 21 Savage),MO,91
Popular (with Playboi Carti & Madonna) - Music from the HBO Original Series,MO,91
Stargirl Interlude,MO,87
Die For You (with Ariana Grande) - Remix,MO,83
Save Your Tears,MO,88
Reminder,MO,88
Starboy,MR,93
Die For You,MR,90
"One Of The Girls (with JENNIE, Lily Rose Depp)",MR,93
Blinding Lights,MR,91
Creepin' (with The Weeknd & 21 Savage),MR,91
Popular (with Playboi Carti & Madonna) - Music from the HBO Original Series,MR,91
Stargirl Interlude,MR,87
Die For You (with Ariana Grande) - Remix,MR,83
Save Your Tears,MR,88
Reminder,MR,88
Starboy,MT,93
Die For You,MT,90
"One Of The Girls (with JENNIE, Lily Rose Depp)",MT,93
Blinding Lights,MT,91
Creepin' (with The Weeknd & 21 Savage),MT,91
Popular (with Playboi Carti & Madonna) - Music from the HBO Original Series,MT,91
Stargirl Interlude,MT,87
Die For You (with Ariana Grande) - Remix,MT,83
Save Your Tears,MT,88
Reminder,MT,88
Starboy,MU,93
Die For You,MU,90
"One Of The Girls (with JENNIE, Lily Rose Depp)",MU,93
Blinding Lights,MU,91
Creepin' (with The Weeknd & 21 Savage),MU,91
Popular (with Playboi Carti & Madonna) - Music from the HBO Original Series,MU,91
Stargirl Interlude,MU,87
Die For You (with Ariana Grande) - Remix,MU,83
Save Your Tears,MU,88
Reminder,MU,88
Starboy,MV,93
Die For You,MV,90
"One Of The Girls (with JENNIE, Lily Rose Depp)",MV,93
Blinding Lights,MV,91
Creepin' (with The Weeknd & 21 Savage),MV,91
Popular (with Playboi Carti & Madonna) - Music from the HBO Original Series,MV,91
Stargirl Interlude,MV,87
Die For You (with Ariana Grande) - Remix,MV,83
Save Your Tears,MV,88
Reminder,MV,88
Starboy,MW,93
Die For You,MW,90
"One Of The Girls (with JENNIE, Lily Rose Depp)",MW,93
Blinding Lights,MW,91
Creepin' (with The Weeknd & 21 Savage),MW,91
Popular (with Playboi Carti & Madonna) - Music from the HBO Original Series,MW,91
Stargirl Interlude,MW,87
Die For You (with Ariana Grande) - Remix,MW,83
Save Your Tears,MW,88
Reminder,MW,88
Starboy,MX,93
Die For You,MX,90
"One Of The Girls (with JENNIE, Lily Rose Depp)",MX,93
Blinding Lights,MX,91
Creepin' (with The Weeknd & 21 Savage),MX,91
Popular (with Playboi Carti & Madonna) - Music from the HBO Original Series,MX,91
Stargirl Interlude,MX,87
Die For You (with Ariana Grande) - Remix,MX,83
Save Your Tears,MX,88
Reminder,MX,88
Starboy,MY,93
Die For You,MY,90
"One Of The Girls (with JENNIE, Lily Rose Depp)",MY,93
Blinding Lights,MY,91
Creepin' (with The Weeknd & 21 Savage),MY,91
Popular (with Playboi Carti & Madonna) - Music from the HBO Original Series,MY,91
Stargirl Interlude,MY,87
Die For You (with Ariana Grande) - Remix,MY,83
Save Your Tears,MY,88
Reminder,MY,88
Starboy,MZ,93
Die For You,MZ,90
"One Of The Girls (with JENNIE, Lily Rose Depp)",MZ,93
Blinding Lights,MZ,91
Creepin' (with The Weeknd & 21 Savage),MZ,91
Popular (with Playboi Carti & Madonna) - Music from the HBO Original Series,MZ,91
Stargirl Interlude,MZ,87
Die For You (with Ariana Grande) - Remix,MZ,83
Save Your Tears,MZ,88
Reminder,MZ,88
Starboy,NA,93
Die For You,NA,90
"One Of The Girls (with JENNIE, Lily Rose Depp)",NA,93
Blinding Lights,NA,91
Creepin' (with The Weeknd & 21 Savage),NA,91
Popular (with Playboi Carti & Madonna) - Music from the HBO Original Series,NA,91
Stargirl Interlude,NA,87
Die For You (with Ariana Grande) - Remix,NA,83
Save Your Tears,NA,88
Reminder,NA,88
Starboy,NE,93
Die For You,NE,90
"One Of The Girls (with JENNIE, Lily Rose Depp)",NE,93
Blinding Lights,NE,91
Creepin' (with The Weeknd & 21 Savage),NE,91
Popular (with Playboi Carti & Madonna) - Music from the HBO Original Series,NE,91
Stargirl Interlude,NE,87
Die For You (with Ariana Grande) - Remix,NE,83
Save Your Tears,NE,88
Reminder,NE,88
Starboy,NG,93
Die For You,NG,90
"One Of The Girls (with JENNIE, Lily Rose Depp)",NG,93
Blinding Lights,NG,91
Creepin' (with The Weeknd & 21 Savage),NG,91
Popular (with Playboi Carti & Madonna) - Music from the HBO Original Series,NG,91
Stargirl Interlude,NG,87
Die For You (with Ariana Grande) - Remix,NG,83
Save Your Tears,NG,88
Reminder,NG,88
Starboy,NI,93
Die For You,NI,90
"One Of The Girls (with JENNIE, Lily Rose Depp)",NI,93
Blinding Lights,NI,91
Creepin' (with The Weeknd & 21 Savage),NI,91
Popular (with Playboi Carti & Madonna) - Music from the HBO Original Series,NI,91
Stargirl Interlude,NI,87
Die For You (with Ariana Grande) - Remix,NI,83
Save Your Tears,NI,88
Reminder,NI,88
Starboy,NL,93
Die For You,NL,90
"One Of The Girls (with JENNIE, Lily Rose Depp)",NL,93
Blinding Lights,NL,91
Creepin' (with The Weeknd & 21 Savage),NL,91
Popular (with Playboi Carti & Madonna) - Music from the HBO Original Series,NL,91
Stargirl Interlude,NL,87
Die For You (with Ariana Grande) - Remix,NL,83
Save Your Tears,NL,88
Reminder,NL,88
Starboy,NO,93
Die For You,NO,90
"One Of The Girls (with JENNIE, Lily Rose Depp)",NO,93
Blinding Lights,NO,91
Creepin' (with The Weeknd & 21 Savage),NO,91
Popular (with Playboi Carti & Madonna) - Music from the HBO Original Series,NO,91
Stargirl Interlude,NO,87
Die For You (with Ariana Grande) - Remix,NO,83
Save Your Tears,NO,88
Reminder,NO,88
Starboy,NP,93
Die For You,NP,90
"One Of The Girls (with JENNIE, Lily Rose Depp)",NP,93
Blinding Lights,NP,91
Creepin' (with The Weeknd & 21 Savage),NP,91
Popular (with Playboi Carti & Madonna) - Music from the HBO Original Series,NP,91
Stargirl Interlude,NP,87
Die For You (with Ariana Grande) - Remix,NP,83
Save Your Tears,NP,88
Reminder,NP,88
Starboy,NR,93
Die For You,NR,90
"One Of The Girls (with JENNIE, Lily Rose Depp)",NR,93
Blinding Lights,NR,91
Creepin' (with The Weeknd & 21 Savage),NR,91
Popular (with Playboi Carti & Madonna) - Music from the HBO Original Series,NR,91
Stargirl Interlude,NR,87
Die For You (with Ariana Grande) - Remix,NR,83
Save Your Tears,NR,88
Reminder,NR,88
Starboy,NZ,93
Die For You,NZ,90
"One Of The Girls (with JENNIE, Lily Rose Depp)",NZ,93
Blinding Lights,NZ,91
Creepin' (with The Weeknd & 21 Savage),NZ,91
Popular (with Playboi Carti & Madonna) - Music from the HBO Original Series,NZ,91
Stargirl Interlude,NZ,87
Die For You (with Ariana Grande) - Remix,NZ,83
Save Your Tears,NZ,88
Reminder,NZ,88
Starboy,OM,93
Die For You,OM,90
"One Of The Girls (with JENNIE, Lily Rose Depp)",OM,93
Blinding Lights,OM,91
Creepin' (with The Weeknd & 21 Savage),OM,91
Popular (with Playboi Carti & Madonna) - Music from the HBO Original Series,OM,91
Stargirl Interlude,OM,87
Die For You (with Ariana Grande) - Remix,OM,83
Save Your Tears,OM,88
Reminder,OM,88
Starboy,PA,93
Die For You,PA,90
"One Of The Girls (with JENNIE, Lily Rose Depp)",PA,93
Blinding Lights,PA,91
Creepin' (with The Weeknd & 21 Savage),PA,91
Popular (with Playboi Carti & Madonna) - Music from the HBO Original Series,PA,91
Stargirl Interlude,PA,87
Die For You (with Ariana Grande) - Remix,PA,83
Save Your Tears,PA,88
Reminder,PA,88
Starboy,PE,93
Die For You,PE,90
"One Of The Girls (with JENNIE, Lily Rose Depp)",PE,93
Blinding Lights,PE,91
Creepin' (with The Weeknd & 21 Savage),PE,91
Popular (with Playboi Carti & Madonna) - Music from the HBO Original Series,PE,91
Stargirl Interlude,PE,87
Die For You (with Ariana Grande) - Remix,PE,83
Save Your Tears,PE,88
Reminder,PE,88
Starboy,PG,93
Die For You,PG,90
"One Of The Girls (with JENNIE, Lily Rose Depp)",PG,93
Blinding Lights,PG,91
Creepin' (with The Weeknd & 21 Savage),PG,91
Popular (with Playboi Carti & Madonna) - Music from the HBO Original Series,PG,91
Stargirl Interlude,PG,87
Die For You (with Ariana Grande) - Remix,PG,83
Save Your Tears,PG,88
Reminder,PG,88
Starboy,PH,93
Die For You,PH,90
"One Of The Girls (with JENNIE, Lily Rose Depp)",PH,93
Blinding Lights,PH,91
Creepin' (with The Weeknd & 21 Savage),PH,91
Popular (with Playboi Carti & Madonna) - Music from the HBO Original Series,PH,91
Stargirl Interlude,PH,87
Die For You (with Ariana Grande) - Remix,PH,83
Save Your Tears,PH,88
Reminder,PH,88
Starboy,PK,93
Die For You,PK,90
"One Of The Girls (with JENNIE, Lily Rose Depp)",PK,93
Blinding Lights,PK,91
Creepin' (with The Weeknd & 21 Savage),PK,91
Popular (with Playboi Carti & Madonna) - Music from the HBO Original Series,PK,91
Stargirl Interlude,PK,87
Die For You (with Ariana Grande) - Remix,PK,83
Save Your Tears,PK,88
Reminder,PK,88
Starboy,PL,93
Die For You,PL,90
"One Of The Girls (with JENNIE, Lily Rose Depp)",PL,93
Blinding Lights,PL,91
Creepin' (with The Weeknd & 21 Savage),PL,91
Popular (with Playboi Carti & Madonna) - Music from the HBO Original Series,PL,91
Stargirl Interlude,PL,87
Die For You (with Ariana Grande) - Remix,PL,83
Save Your Tears,PL,88
Reminder,PL,88
Starboy,PS,93
Die For You,PS,90
"One Of The Girls (with JENNIE, Lily Rose Depp)",PS,93
Blinding Lights,PS,91
Creepin' (with The Weeknd & 21 Savage),PS,91
Popular (with Playboi Carti & Madonna) - Music from the HBO Original Series,PS,91
Stargirl Interlude,PS,87
Die For You (with Ariana Grande) - Remix,PS,83
Save Your Tears,PS,88
Reminder,PS,88
Starboy,PT,93
Die For You,PT,90
"One Of The Girls (with JENNIE, Lily Rose Depp)",PT,93
Blinding Lights,PT,91
Creepin' (with The Weeknd & 21 Savage),PT,91
Popular (with Playboi Carti & Madonna) - Music from the HBO Original Series,PT,91
Stargirl Interlude,PT,87
Die For You (with Ariana Grande) - Remix,PT,83
Save Your Tears,PT,88
Reminder,PT,88
Starboy,PW,93
Die For You,PW,90
"One Of The Girls (with JENNIE, Lily Rose Depp)",PW,93
Blinding Lights,PW,91
Creepin' (with The Weeknd & 21 Savage),PW,91
Popular (with Playboi Carti & Madonna) - Music from the HBO Original Series,PW,91
Stargirl Interlude,PW,87
Die For You (with Ariana Grande) - Remix,PW,83
Save Your Tears,PW,88
Reminder,PW,88
Starboy,PY,93
Die For You,PY,90
"One Of The Girls (with JENNIE, Lily Rose Depp)",PY,93
Blinding Lights,PY,91
Creepin' (with The Weeknd & 21 Savage),PY,91
Popular (with Playboi Carti & Madonna) - Music from the HBO Original Series,PY,91
Stargirl Interlude,PY,87
Die For You (with Ariana Grande) - Remix,PY,83
Save Your Tears,PY,88
Reminder,PY,88
Starboy,QA,93
Die For You,QA,90
"One Of The Girls (with JENNIE, Lily Rose Depp)",QA,93
Blinding Lights,QA,91
Creepin' (with The Weeknd & 21 Savage),QA,91
Popular (with Playboi Carti & Madonna) - Music from the HBO Original Series,QA,91
Stargirl Interlude,QA,87
Die For You (with Ariana Grande) - Remix,QA,83
Save Your Tears,QA,88
Reminder,QA,88
Starboy,RO,93
Die For You,RO,90
"One Of The Girls (with JENNIE, Lily Rose Depp)",RO,93
Blinding Lights,RO,91
Creepin' (with The Weeknd & 21 Savage),RO,91
Popular (with Playboi Carti & Madonna) - Music from the HBO Original Series,RO,91
Stargirl Interlude,RO,87
Die For You (with Ariana Grande) - Remix,RO,83
Save Your Tears,RO,88
Reminder,RO,88
Starboy,RS,93
Die For You,RS,90
"One Of The Girls (with JENNIE, Lily Rose Depp)",RS,93
Blinding Lights,RS,91
Creepin' (with The Weeknd & 21 Savage),RS,91
Popular (with Playboi Carti & Madonna) - Music from the HBO Original Series,RS,91
Stargirl Interlude,RS,87
Die For You (with Ariana Grande) - Remix,RS,83
Save Your Tears,RS,88
Reminder,RS,88
Starboy,RW,93
Die For You,RW,90
"One Of The Girls (with JENNIE, Lily Rose Depp)",RW,93
Blinding Lights,RW,91
Creepin' (with The Weeknd & 21 Savage),RW,91
Popular (with Playboi Carti & Madonna) - Music from the HBO Original Series,RW,91
Stargirl Interlude,RW,87
Die For You (with Ariana Grande) - Remix,RW,83
Save Your Tears,RW,88
Reminder,RW,88
Starboy,SA,93
Die For You,SA,90
"One Of The Girls (with JENNIE, Lily Rose Depp)",SA,93
Blinding Lights,SA,91
Creepin' (with The Weeknd & 21 Savage),SA,91
Popular (with Playboi Carti & Madonna) - Music from the HBO Original Series,SA,91
Stargirl Interlude,SA,87
Die For You (with Ariana Grande) - Remix,SA,83
Save Your Tears,SA,88
Reminder,SA,88
Starboy,SB,93
Die For You,SB,90
"One Of The Girls (with JENNIE, Lily Rose Depp)",SB,93
Blinding Lights,SB,91
Creepin' (with The Weeknd & 21 Savage),SB,91
Popular (with Playboi Carti & Madonna) - Music from the HBO Original Series,SB,91
Stargirl Interlude,SB,87
Die For You (with Ariana Grande) - Remix,SB,83
Save Your Tears,SB,88
Reminder,SB,88
Starboy,SC,93
Die For You,SC,90
"One Of The Girls (with JENNIE, Lily Rose Depp)",SC,93
Blinding Lights,SC,91
Creepin' (with The Weeknd & 21 Savage),SC,91
Popular (with Playboi Carti & Madonna) - Music from the HBO Original Series,SC,91
Stargirl Interlude,SC,87
Die For You (with Ariana Grande) - Remix,SC,83
Save Your Tears,SC,88
Reminder,SC,88
Starboy,SE,93
Die For You,SE,90
"One Of The Girls (with JENNIE, Lily Rose Depp)",SE,93
Blinding Lights,SE,91
Creepin' (with The Weeknd & 21 Savage),SE,91
Popular (with Playboi Carti & Madonna) - Music from the HBO Original Series,SE,91
Stargirl Interlude,SE,87
Die For You (with Ariana Grande) - Remix,SE,83
Save Your Tears,SE,88
Reminder,SE,88
Starboy,SG,93
Die For You,SG,90
"One Of The Girls (with JENNIE, Lily Rose Depp)",SG,93
Blinding Lights,SG,91
Creepin' (with The Weeknd & 21 Savage),SG,91
Popular (with Playboi Carti & Madonna) - Music from the HBO Original Series,SG,91
Stargirl Interlude,SG,87
Die For You (with Ariana Grande) - Remix,SG,83
Save Your Tears,SG,88
Reminder,SG,88
Starboy,SI,93
Die For You,SI,90
"One Of The Girls (with JENNIE, Lily Rose Depp)",SI,93
Blinding Lights,SI,91
Creepin' (with The Weeknd & 21 Savage),SI,91
Popular (with Playboi Carti & Madonna) - Music from the HBO Original Series,SI,91
Stargirl Interlude,SI,87
Die For You (with Ariana Grande) - Remix,SI,83
Save Your Tears,SI,88
Reminder,SI,88
Starboy,SK,93
Die For You,SK,90
"One Of The Girls (with JENNIE, Lily Rose Depp)",SK,93
Blinding Lights,SK,91
Creepin' (with The Weeknd & 21 Savage),SK,91
Popular (with Playboi Carti & Madonna) - Music from the HBO Original Series,SK,91
Stargirl Interlude,SK,87
Die For You (with Ariana Grande) - Remix,SK,83
Save Your Tears,SK,88
Reminder,SK,88
Starboy,SL,93
Die For You,SL,90
"One Of The Girls (with JENNIE, Lily Rose Depp)",SL,93
Blinding Lights,SL,91
Creepin' (with The Weeknd & 21 Savage),SL,91
Popular (with Playboi Carti & Madonna) - Music from the HBO Original Series,SL,91
Stargirl Interlude,SL,87
Die For You (with Ariana Grande) - Remix,SL,83
Save Your Tears,SL,88
Reminder,SL,88
Starboy,SM,93
Die For You,SM,90
"One Of The Girls (with JENNIE, Lily Rose Depp)",SM,93
Blinding Lights,SM,91
Creepin' (with The Weeknd & 21 Savage),SM,91
Popular (with Playboi Carti & Madonna) - Music from the HBO Original Series,SM,91
Stargirl Interlude,SM,87
Die For You (with Ariana Grande) - Remix,SM,83
Save Your Tears,SM,88
Reminder,SM,88
Starboy,SN,93
Die For You,SN,90
"One Of The Girls (with JENNIE, Lily Rose Depp)",SN,93
Blinding Lights,SN,91
Creepin' (with The Weeknd & 21 Savage),SN,91
Popular (with Playboi Carti & Madonna) - Music from the HBO Original Series,SN,91
Stargirl Interlude,SN,87
Die For You (with Ariana Grande) - Remix,SN,83
Save Your Tears,SN,88
Reminder,SN,88
Starboy,SR,93
Die For You,SR,90
"One Of The Girls (with JENNIE, Lily Rose Depp)",SR,93
Blinding Lights,SR,91
Creepin' (with The Weeknd & 21 Savage),SR,91
Popular (with Playboi Carti & Madonna) - Music from the HBO Original Series,SR,91
Stargirl Interlude,SR,87
Die For You (with Ariana Grande) - Remix,SR,83
Save Your Tears,SR,88
Reminder,SR,88
Starboy,ST,93
Die For You,ST,90
"One Of The Girls (with JENNIE, Lily Rose Depp)",ST,93
Blinding Lights,ST,91
Creepin' (with The Weeknd & 21 Savage),ST,91
Popular (with Playboi Carti & Madonna) - Music from the HBO Original Series,ST,91
Stargirl Interlude,ST,87
Die For You (with Ariana Grande) - Remix,ST,83
Save Your Tears,ST,88
Reminder,ST,88
Starboy,SV,93
Die For You,SV,90
"One Of The Girls (with JENNIE, Lily Rose Depp)",SV,93
Blinding Lights,SV,91
Creepin' (with The Weeknd & 21 Savage),SV,91
Popular (with Playboi Carti & Madonna) - Music from the HBO Original Series,SV,91
Stargirl Interlude,SV,87
Die For You (with Ariana Grande) - Remix,SV,83
Save Your Tears,SV,88
Reminder,SV,88
Starboy,SZ,93
Die For You,SZ,90
"One Of The Girls (with JENNIE, Lily Rose Depp)",SZ,93
Blinding Lights,SZ,91
Creepin' (with The Weeknd & 21 Savage),SZ,91
Popular (with Playboi Carti & Madonna) - Music from the HBO Original Series,SZ,91
Stargirl Interlude,SZ,87
Die For You (with Ariana Grande) - Remix,SZ,83
Save Your Tears,SZ,88
Reminder,SZ,88
Starboy,TD,93
Die For You,TD,90
"One Of The Girls (with JENNIE, Lily Rose Depp)",TD,93
Blinding Lights,TD,91
Creepin' (with The Weeknd & 21 Savage),TD,91
Popular (with Playboi Carti & Madonna) - Music from the HBO Original Series,TD,91
Stargirl Interlude,TD,87
Die For You (with Ariana Grande) - Remix,TD,83
Save Your Tears,TD,88
Reminder,TD,88
Starboy,TG,93
Die For You,TG,90
"One Of The Girls (with JENNIE, Lily Rose Depp)",TG,93
Blinding Lights,TG,91
Creepin' (with The Weeknd & 21 Savage),TG,91
Popular (with Playboi Carti & Madonna) - Music from the HBO Original Series,TG,91
Stargirl Interlude,TG,87
Die For You (with Ariana Grande) - Remix,TG,83
Save Your Tears,TG,88
Reminder,TG,88
Starboy,TH,93
Die For You,TH,90
"One Of The Girls (with JENNIE, Lily Rose Depp)",TH,93
Blinding Lights,TH,91
Creepin' (with The Weeknd & 21 Savage),TH,91
Popular (with Playboi Carti & Madonna) - Music from the HBO Original Series,TH,91
Stargirl Interlude,TH,87
Die For You (with Ariana Grande) - Remix,TH,83
Save Your Tears,TH,88
Reminder,TH,88
Starboy,TJ,93
Die For You,TJ,90
"One Of The Girls (with JENNIE, Lily Rose Depp)",TJ,93
Blinding Lights,TJ,91
Creepin' (with The Weeknd & 21 Savage),TJ,91
Popular (with Playboi Carti & Madonna) - Music from the HBO Original Series,TJ,91
Stargirl Interlude,TJ,87
Die For You (with Ariana Grande) - Remix,TJ,83
Save Your Tears,TJ,88
Reminder,TJ,88
Starboy,TL,93
Die For You,TL,90
"One Of The Girls (with JENNIE, Lily Rose Depp)",TL,93
Blinding Lights,TL,91
Creepin' (with The Weeknd & 21 Savage),TL,91
Popular (with Playboi Carti & Madonna) - Music from the HBO Original Series,TL,91
Stargirl Interlude,TL,87
Die For You (with Ariana Grande) - Remix,TL,83
Save Your Tears,TL,88
Reminder,TL,88
Starboy,TN,93
Die For You,TN,90
"One Of The Girls (with JENNIE, Lily Rose Depp)",TN,93
Blinding Lights,TN,91
Creepin' (with The Weeknd & 21 Savage),TN,91
Popular (with Playboi Carti & Madonna) - Music from the HBO Original Series,TN,91
Stargirl Interlude,TN,87
Die For You (with Ariana Grande) - Remix,TN,83
Save Your Tears,TN,88
Reminder,TN,88
Starboy,TO,93
Die For You,TO,90
"One Of The Girls (with JENNIE, Lily Rose Depp)",TO,93
Blinding Lights,TO,91
Creepin' (with The Weeknd & 21 Savage),TO,91
Popular (with Playboi Carti & Madonna) - Music from the HBO Original Series,TO,91
Stargirl Interlude,TO,87
Die For You (with Ariana Grande) - Remix,TO,83
Save Your Tears,TO,88
Reminder,TO,88
Starboy,TR,93
Die For You,TR,90
"One Of The Girls (with JENNIE, Lily Rose Depp)",TR,93
Blinding Lights,TR,91
Creepin' (with The Weeknd & 21 Savage),TR,91
Popular (with Playboi Carti & Madonna) - Music from the HBO Original Series,TR,91
Stargirl Interlude,TR,87
Die For You (with Ariana Grande) - Remix,TR,83
Save Your Tears,TR,88
Reminder,TR,88
Starboy,TT,93
Die For You,TT,90
"One Of The Girls (with JENNIE, Lily Rose Depp)",TT,93
Blinding Lights,TT,91
Creepin' (with The Weeknd & 21 Savage),TT,91
Popular (with Playboi Carti & Madonna) - Music from the HBO Original Series,TT,91
Stargirl Interlude,TT,87
Die For You (with Ariana Grande) - Remix,TT,83
Save Your Tears,TT,88
Reminder,TT,88
Starboy,TV,93
Die For You,TV,90
"One Of The Girls (with JENNIE, Lily Rose Depp)",TV,93
Blinding Lights,TV,91
Creepin' (with The Weeknd & 21 Savage),TV,91
Popular (with Playboi Carti & Madonna) - Music from the HBO Original Series,TV,91
Stargirl Interlude,TV,87
Die For You (with Ariana Grande) - Remix,TV,83
Save Your Tears,TV,88
Reminder,TV,88
Starboy,TW,93
Die For You,TW,90
"One Of The Girls (with JENNIE, Lily Rose Depp)",TW,93
Blinding Lights,TW,91
Creepin' (with The Weeknd & 21 Savage),TW,91
Popular (with Playboi Carti & Madonna) - Music from the HBO Original Series,TW,91
Stargirl Interlude,TW,87
Die For You (with Ariana Grande) - Remix,TW,83
Save Your Tears,TW,88
Reminder,TW,88
Starboy,TZ,93
Die For You,TZ,90
"One Of The Girls (with JENNIE, Lily Rose Depp)",TZ,93
Blinding Lights,TZ,91
Creepin' (with The Weeknd & 21 Savage),TZ,91
Popular (with Playboi Carti & Madonna) - Music from the HBO Original Series,TZ,91
Stargirl Interlude,TZ,87
Die For You (with Ariana Grande) - Remix,TZ,83
Save Your Tears,TZ,88
Reminder,TZ,88
Starboy,UA,93
Die For You,UA,90
"One Of The Girls (with JENNIE, Lily Rose Depp)",UA,93
Blinding Lights,UA,91
Creepin' (with The Weeknd & 21 Savage),UA,91
Popular (with Playboi Carti & Madonna) - Music from the HBO Original Series,UA,91
Stargirl Interlude,UA,87
Die For You (with Ariana Grande) - Remix,UA,83
Save Your Tears,UA,88
Reminder,UA,88
Starboy,UG,93
Die For You,UG,90
"One Of The Girls (with JENNIE, Lily Rose Depp)",UG,93
Blinding Lights,UG,91
Creepin' (with The Weeknd & 21 Savage),UG,91
Popular (with Playboi Carti & Madonna) - Music from the HBO Original Series,UG,91
Stargirl Interlude,UG,87
Die For You (with Ariana Grande) - Remix,UG,83
Save Your Tears,UG,88
Reminder,UG,88
Starboy,US,93
Die For You,US,90
"One Of The Girls (with JENNIE, Lily Rose Depp)",US,93
Blinding Lights,US,91
Creepin' (with The Weeknd & 21 Savage),US,91
Popular (with Playboi Carti & Madonna) - Music from the HBO Original Series,US,91
Stargirl Interlude,US,87
Die For You (with Ariana Grande) - Remix,US,83
Save Your Tears,US,88
Reminder,US,88
Starboy,UY,93
Die For You,UY,90
"One Of The Girls (with JENNIE, Lily Rose Depp)",UY,93
Blinding Lights,UY,91
Creepin' (with The Weeknd & 21 Savage),UY,91
Popular (with Playboi Carti & Madonna) - Music from the HBO Original Series,UY,91
Stargirl Interlude,UY,87
Die For You (with Ariana Grande) - Remix,UY,83
Save Your Tears,UY,88
Reminder,UY,88
Starboy,UZ,93
Die For You,UZ,90
"One Of The Girls (with JENNIE, Lily Rose Depp)",UZ,93
Blinding Lights,UZ,91
Creepin' (with The Weeknd & 21 Savage),UZ,91
Popular (with Playboi Carti & Madonna) - Music from the HBO Original Series,UZ,91
Stargirl Interlude,UZ,87
Die For You (with Ariana Grande) - Remix,UZ,83
Save Your Tears,UZ,88
Reminder,UZ,88
Starboy,VC,93
Die For You,VC,90
"One Of The Girls (with JENNIE, Lily Rose Depp)",VC,93
Blinding Lights,VC,91
Creepin' (with The Weeknd & 21 Savage),VC,91
Popular (with Playboi Carti & Madonna) - Music from the HBO Original Series,VC,91
Stargirl Interlude,VC,87
Die For You (with Ariana Grande) - Remix,VC,83
Save Your Tears,VC,88
Reminder,VC,88
Starboy,VE,93
Die For You,VE,90
"One Of The Girls (with JENNIE, Lily Rose Depp)",VE,93
Blinding Lights,VE,91
Creepin' (with The Weeknd & 21 Savage),VE,91
Popular (with Playboi Carti & Madonna) - Music from the HBO Original Series,VE,91
Stargirl Interlude,VE,87
Die For You (with Ariana Grande) - Remix,VE,83
Save Your Tears,VE,88
Reminder,VE,88
Starboy,VN,93
Die For You,VN,90
"One Of The Girls (with JENNIE, Lily Rose Depp)",VN,93
Blinding Lights,VN,91
Creepin' (with The Weeknd & 21 Savage),VN,91
Popular (with Playboi Carti & Madonna) - Music from the HBO Original Series,VN,91
Stargirl Interlude,VN,87
Die For You (with Ariana Grande) - Remix,VN,83
Save Your Tears,VN,88
Reminder,VN,88
Starboy,VU,93
Die For You,VU,90
"One Of The Girls (with JENNIE, Lily Rose Depp)",VU,93
Blinding Lights,VU,91
Creepin' (with The Weeknd & 21 Savage),VU,91
Popular (with Playboi Carti & Madonna) - Music from the HBO Original Series,VU,91
Stargirl Interlude,VU,87
Die For You (with Ariana Grande) - Remix,VU,83
Save Your Tears,VU,88
Reminder,VU,88
Starboy,WS,93
Die For You,WS,90
"One Of The Girls (with JENNIE, Lily Rose Depp)",WS,93
Blinding Lights,WS,91
Creepin' (with The Weeknd & 21 Savage),WS,91
Popular (with Playboi Carti & Madonna) - Music from the HBO Original Series,WS,91
Stargirl Interlude,WS,87
Die For You (with Ariana Grande) - Remix,WS,83
Save Your Tears,WS,88
Reminder,WS,88
Starboy,XK,93
Die For You,XK,90
"One Of The Girls (with JENNIE, Lily Rose Depp)",XK,93
Blinding Lights,XK,91
Creepin' (with The Weeknd & 21 Savage),XK,91
Popular (with Playboi Carti & Madonna) - Music from the HBO Original Series,XK,91
Stargirl Interlude,XK,87
Die For You (with Ariana Grande) - Remix,XK,83
Save Your Tears,XK,88
Reminder,XK,88
Starboy,ZA,93
Die For You,ZA,90
"One Of The Girls (with JENNIE, Lily Rose Depp)",ZA,93
Blinding Lights,ZA,91
Creepin' (with The Weeknd & 21 Savage),ZA,91
Popular (with Playboi Carti & Madonna) - Music from the HBO Original Series,ZA,91
Stargirl Interlude,ZA,87
Die For You (with Ariana Grande) - Remix,ZA,83
Save Your Tears,ZA,88
Reminder,ZA,88
Starboy,ZM,93
Die For You,ZM,90
"One Of The Girls (with JENNIE, Lily Rose Depp)",ZM,93
Blinding Lights,ZM,91
Creepin' (with The Weeknd & 21 Savage),ZM,91
Popular (with Playboi Carti & Madonna) - Music from the HBO Original Series,ZM,91
Stargirl Interlude,ZM,87
Die For You (with Ariana Grande) - Remix,ZM,83
Save Your Tears,ZM,88
Reminder,ZM,88
Starboy,ZW,93
Die For You,ZW,90
"One Of The Girls (with JENNIE, Lily Rose Depp)",ZW,93
Blinding Lights,ZW,91
Creepin' (with The Weeknd & 21 Savage),ZW,91
Popular (with Playboi Carti & Madonna) - Music from the HBO Original Series,ZW,91
Stargirl Interlude,ZW,87
Die For You (with Ariana Grande) - Remix,ZW,83
Save Your Tears,ZW,88
Reminder,ZW,88
