total_tracks,id,market,popularity
31.0,1OARrXe5sB0gyy3MhQ8h92,AD,70.0
22.0,4M2Mf4pmARKGVT9MLCe3HA,AD,64.0
24.0,12INlMsFtBjyehNnawBv36,AD,64.0
16.0,2nLOHgzXzwFEpl62zAgCEC,AD,85.0
14.0,4yP0hdKOZPNshxUOjY0cZj,AD,91.0
7.0,4qZBW3f2Q8y0k1A84d4iAO,AD,86.0
18.0,2ODvWsOgouMbaA5xf0RkJe,AD,92.0
14.0,0P3oVJBFOv3TDXlYRhGL7s,AD,88.0
10.0,3hhDpPtCFuQbppwYgsVhMO,AD,65.0
30.0,2XGEyGU76kj55OdHWynX0S,AD,64.0
9.0,04hy4jb1GDD00otiwzsFUB,AD,62.0
9.0,6F87lH0I09qlrzvCCKc7lz,AD,63.0
9.0,7zCODUHkfuRxsUjtuzNqbd,AD,79.0
31.0,1OARrXe5sB0gyy3MhQ8h92,AE,70.0
22.0,4M2Mf4pmARKGVT9MLCe3HA,AE,64.0
24.0,12INlMsFtBjyehNnawBv36,AE,64.0
16.0,2nLOHgzXzwFEpl62zAgCEC,AE,85.0
14.0,4yP0hdKOZPNshxUOjY0cZj,AE,91.0
7.0,4qZBW3f2Q8y0k1A84d4iAO,AE,86.0
18.0,2ODvWsOgouMbaA5xf0RkJe,AE,92.0
14.0,0P3oVJBFOv3TDXlYRhGL7s,AE,88.0
10.0,3hhDpPtCFuQbppwYgsVhMO,AE,65.0
30.0,2XGEyGU76kj55OdHWynX0S,AE,64.0
9.0,04hy4jb1GDD00otiwzsFUB,AE,62.0
9.0,6F87lH0I09qlrzvCCKc7lz,AE,63.0
9.0,7zCODUHkfuRxsUjtuzNqbd,AE,79.0
31.0,1OARrXe5sB0gyy3MhQ8h92,AG,70.0
22.0,4M2Mf4pmARKGVT9MLCe3HA,AG,64.0
24.0,12INlMsFtBjyehNnawBv36,AG,64.0
16.0,2nLOHgzXzwFEpl62zAgCEC,AG,85.0
14.0,4yP0hdKOZPNshxUOjY0cZj,AG,91.0
7.0,4qZBW3f2Q8y0k1A84d4iAO,AG,86.0
18.0,2ODvWsOgouMbaA5xf0RkJe,AG,92.0
14.0,0P3oVJBFOv3TDXlYRhGL7s,AG,88.0
10.0,3hhDpPtCFuQbppwYgsVhMO,AG,65.0
30.0,2XGEyGU76kj55OdHWynX0S,AG,64.0
9.0,04hy4jb1GDD00otiwzsFUB,AG,62.0
9.0,6F87lH0I09qlrzvCCKc7lz,AG,63.0
9.0,7zCODUHkfuRxsUjtuzNqbd,AG,79.0
31.0,1OARrXe5sB0gyy3MhQ8h92,AL,70.0
22.0,4M2Mf4pmARKGVT9MLCe3HA,AL,64.0
24.0,12INlMsFtBjyehNnawBv36,AL,64.0
16.0,2nLOHgzXzwFEpl62zAgCEC,AL,85.0
14.0,4yP0hdKOZPNshxUOjY0cZj,AL,91.0
7.0,4qZBW3f2Q8y0k1A84d4iAO,AL,86.0
18.0,2ODvWsOgouMbaA5xf0RkJe,AL,92.0
14.0,0P3oVJBFOv3TDXlYRhGL7s,AL,88.0
10.0,3hhDpPtCFuQbppwYgsVhMO,AL,65.0
30.0,2XGEyGU76kj55OdHWynX0S,AL,64.0
9.0,04hy4jb1GDD00otiwzsFUB,AL,62.0
9.0,6F87lH0I09qlrzvCCKc7lz,AL,63.0
9.0,7zCODUHkfuRxsUjtuzNqbd,AL,79.0
31.0,1OARrXe5sB0gyy3MhQ8h92,AM,70.0
22.0,4M2Mf4pmARKGVT9MLCe3HA,AM,64.0
24.0,12INlMsFtBjyehNnawBv36,AM,64.0
16.0,2nLOHgzXzwFEpl62zAgCEC,AM,85.0
14.0,4yP0hdKOZPNshxUOjY0cZj,AM,91.0
7.0,4qZBW3f2Q8y0k1A84d4iAO,AM,86.0
18.0,2ODvWsOgouMbaA5xf0RkJe,AM,92.0
14.0,0P3oVJBFOv3TDXlYRhGL7s,AM,88.0
10.0,3hhDpPtCFuQbppwYgsVhMO,AM,65.0
30.0,2XGEyGU76kj55OdHWynX0S,AM,64.0
9.0,04hy4jb1GDD00otiwzsFUB,AM,62.0
9.0,6F87lH0I09qlrzvCCKc7lz,AM,63.0
9.0,7zCODUHkfuRxsUjtuzNqbd,AM,79.0
31.0,1OARrXe5sB0gyy3MhQ8h92,AO,70.0
22.0,4M2Mf4pmARKGVT9MLCe3HA,AO,64.0
24.0,12INlMsFtBjyehNnawBv36,AO,64.0
16.0,2nLOHgzXzwFEpl62zAgCEC,AO,85.0
14.0,4yP0hdKOZPNshxUOjY0cZj,AO,91.0
7.0,4qZBW3f2Q8y0k1A84d4iAO,AO,86.0
18.0,2ODvWsOgouMbaA5xf0RkJe,AO,92.0
14.0,0P3oVJBFOv3TDXlYRhGL7s,AO,88.0
10.0,3hhDpPtCFuQbppwYgsVhMO,AO,65.0
30.0,2XGEyGU76kj55OdHWynX0S,AO,64.0
9.0,04hy4jb1GDD00otiwzsFUB,AO,62.0
9.0,6F87lH0I09qlrzvCCKc7lz,AO,63.0
9.0,7zCODUHkfuRxsUjtuzNqbd,AO,79.0
31.0,1OARrXe5sB0gyy3MhQ8h92,AR,70.0
22.0,4M2Mf4pmARKGVT9MLCe3HA,AR,64.0
24.0,12INlMsFtBjyehNnawBv36,AR,64.0
16.0,2nLOHgzXzwFEpl62zAgCEC,AR,85.0
14.0,4yP0hdKOZPNshxUOjY0cZj,AR,91.0
7.0,4qZBW3f2Q8y0k1A84d4iAO,AR,86.0
18.0,2ODvWsOgouMbaA5xf0RkJe,AR,92.0
14.0,0P3oVJBFOv3TDXlYRhGL7s,AR,88.0
10.0,3hhDpPtCFuQbppwYgsVhMO,AR,65.0
30.0,2XGEyGU76kj55OdHWynX0S,AR,64.0
9.0,04hy4jb1GDD00otiwzsFUB,AR,62.0
9.0,6F87lH0I09qlrzvCCKc7lz,AR,63.0
9.0,7zCODUHkfuRxsUjtuzNqbd,AR,79.0
31.0,1OARrXe5sB0gyy3MhQ8h92,AT,70.0
22.0,4M2Mf4pmARKGVT9MLCe3HA,AT,64.0
24.0,12INlMsFtBjyehNnawBv36,AT,64.0
16.0,2nLOHgzXzwFEpl62zAgCEC,AT,85.0
14.0,4yP0hdKOZPNshxUOjY0cZj,AT,91.0
7.0,4qZBW3f2Q8y0k1A84d4iAO,AT,86.0
18.0,2ODvWsOgouMbaA5xf0RkJe,AT,92.0
14.0,0P3oVJBFOv3TDXlYRhGL7s,AT,88.0
10.0,3hhDpPtCFuQbppwYgsVhMO,AT,65.0
30.0,2XGEyGU76kj55OdHWynX0S,AT,64.0
9.0,04hy4jb1GDD00otiwzsFUB,AT,62.0
9.0,6F87lH0I09qlrzvCCKc7lz,AT,63.0
9.0,7zCODUHkfuRxsUjtuzNqbd,AT,79.0
31.0,1OARrXe5sB0gyy3MhQ8h92,AU,70.0
22.0,4M2Mf4pmARKGVT9MLCe3HA,AU,64.0
24.0,12INlMsFtBjyehNnawBv36,AU,64.0
16.0,2nLOHgzXzwFEpl62zAgCEC,AU,85.0
14.0,4yP0hdKOZPNshxUOjY0cZj,AU,91.0
7.0,4qZBW3f2Q8y0k1A84d4iAO,AU,86.0
18.0,2ODvWsOgouMbaA5xf0RkJe,AU,92.0
14.0,0P3oVJBFOv3TDXlYRhGL7s,AU,88.0
10.0,3hhDpPtCFuQbppwYgsVhMO,AU,65.0
30.0,2XGEyGU76kj55OdHWynX0S,AU,64.0
9.0,04hy4jb1GDD00otiwzsFUB,AU,62.0
9.0,6F87lH0I09qlrzvCCKc7lz,AU,63.0
9.0,7zCODUHkfuRxsUjtuzNqbd,AU,79.0
31.0,1OARrXe5sB0gyy3MhQ8h92,AZ,70.0
22.0,4M2Mf4pmARKGVT9MLCe3HA,AZ,64.0
24.0,12INlMsFtBjyehNnawBv36,AZ,64.0
16.0,2nLOHgzXzwFEpl62zAgCEC,AZ,85.0
14.0,4yP0hdKOZPNshxUOjY0cZj,AZ,91.0
7.0,4qZBW3f2Q8y0k1A84d4iAO,AZ,86.0
18.0,2ODvWsOgouMbaA5xf0RkJe,AZ,92.0
14.0,0P3oVJBFOv3TDXlYRhGL7s,AZ,88.0
10.0,3hhDpPtCFuQbppwYgsVhMO,AZ,65.0
30.0,2XGEyGU76kj55OdHWynX0S,AZ,64.0
9.0,04hy4jb1GDD00otiwzsFUB,AZ,62.0
9.0,6F87lH0I09qlrzvCCKc7lz,AZ,63.0
9.0,7zCODUHkfuRxsUjtuzNqbd,AZ,79.0
31.0,1OARrXe5sB0gyy3MhQ8h92,BA,70.0
22.0,4M2Mf4pmARKGVT9MLCe3HA,BA,64.0
24.0,12INlMsFtBjyehNnawBv36,BA,64.0
16.0,2nLOHgzXzwFEpl62zAgCEC,BA,85.0
14.0,4yP0hdKOZPNshxUOjY0cZj,BA,91.0
7.0,4qZBW3f2Q8y0k1A84d4iAO,BA,86.0
18.0,2ODvWsOgouMbaA5xf0RkJe,BA,92.0
14.0,0P3oVJBFOv3TDXlYRhGL7s,BA,88.0
10.0,3hhDpPtCFuQbppwYgsVhMO,BA,65.0
30.0,2XGEyGU76kj55OdHWynX0S,BA,64.0
9.0,04hy4jb1GDD00otiwzsFUB,BA,62.0
9.0,6F87lH0I09qlrzvCCKc7lz,BA,63.0
9.0,7zCODUHkfuRxsUjtuzNqbd,BA,79.0
31.0,1OARrXe5sB0gyy3MhQ8h92,BB,70.0
22.0,4M2Mf4pmARKGVT9MLCe3HA,BB,64.0
24.0,12INlMsFtBjyehNnawBv36,BB,64.0
16.0,2nLOHgzXzwFEpl62zAgCEC,BB,85.0
14.0,4yP0hdKOZPNshxUOjY0cZj,BB,91.0
7.0,4qZBW3f2Q8y0k1A84d4iAO,BB,86.0
18.0,2ODvWsOgouMbaA5xf0RkJe,BB,92.0
14.0,0P3oVJBFOv3TDXlYRhGL7s,BB,88.0
10.0,3hhDpPtCFuQbppwYgsVhMO,BB,65.0
30.0,2XGEyGU76kj55OdHWynX0S,BB,64.0
9.0,04hy4jb1GDD00otiwzsFUB,BB,62.0
9.0,6F87lH0I09qlrzvCCKc7lz,BB,63.0
9.0,7zCODUHkfuRxsUjtuzNqbd,BB,79.0
31.0,1OARrXe5sB0gyy3MhQ8h92,BD,70.0
22.0,4M2Mf4pmARKGVT9MLCe3HA,BD,64.0
24.0,12INlMsFtBjyehNnawBv36,BD,64.0
16.0,2nLOHgzXzwFEpl62zAgCEC,BD,85.0
14.0,4yP0hdKOZPNshxUOjY0cZj,BD,91.0
7.0,4qZBW3f2Q8y0k1A84d4iAO,BD,86.0
18.0,2ODvWsOgouMbaA5xf0RkJe,BD,92.0
14.0,0P3oVJBFOv3TDXlYRhGL7s,BD,88.0
10.0,3hhDpPtCFuQbppwYgsVhMO,BD,65.0
30.0,2XGEyGU76kj55OdHWynX0S,BD,64.0
9.0,04hy4jb1GDD00otiwzsFUB,BD,62.0
9.0,6F87lH0I09qlrzvCCKc7lz,BD,63.0
9.0,7zCODUHkfuRxsUjtuzNqbd,BD,79.0
31.0,1OARrXe5sB0gyy3MhQ8h92,BE,70.0
22.0,4M2Mf4pmARKGVT9MLCe3HA,BE,64.0
24.0,12INlMsFtBjyehNnawBv36,BE,64.0
16.0,2nLOHgzXzwFEpl62zAgCEC,BE,85.0
14.0,4yP0hdKOZPNshxUOjY0cZj,BE,91.0
7.0,4qZBW3f2Q8y0k1A84d4iAO,BE,86.0
18.0,2ODvWsOgouMbaA5xf0RkJe,BE,92.0
14.0,0P3oVJBFOv3TDXlYRhGL7s,BE,88.0
10.0,3hhDpPtCFuQbppwYgsVhMO,BE,65.0
30.0,2XGEyGU76kj55OdHWynX0S,BE,64.0
9.0,04hy4jb1GDD00otiwzsFUB,BE,62.0
9.0,6F87lH0I09qlrzvCCKc7lz,BE,63.0
9.0,7zCODUHkfuRxsUjtuzNqbd,BE,79.0
31.0,1OARrXe5sB0gyy3MhQ8h92,BF,70.0
22.0,4M2Mf4pmARKGVT9MLCe3HA,BF,64.0
24.0,12INlMsFtBjyehNnawBv36,BF,64.0
16.0,2nLOHgzXzwFEpl62zAgCEC,BF,85.0
14.0,4yP0hdKOZPNshxUOjY0cZj,BF,91.0
7.0,4qZBW3f2Q8y0k1A84d4iAO,BF,86.0
18.0,2ODvWsOgouMbaA5xf0RkJe,BF,92.0
14.0,0P3oVJBFOv3TDXlYRhGL7s,BF,88.0
10.0,3hhDpPtCFuQbppwYgsVhMO,BF,65.0
30.0,2XGEyGU76kj55OdHWynX0S,BF,64.0
9.0,04hy4jb1GDD00otiwzsFUB,BF,62.0
9.0,6F87lH0I09qlrzvCCKc7lz,BF,63.0
9.0,7zCODUHkfuRxsUjtuzNqbd,BF,79.0
31.0,1OARrXe5sB0gyy3MhQ8h92,BG,70.0
22.0,4M2Mf4pmARKGVT9MLCe3HA,BG,64.0
24.0,12INlMsFtBjyehNnawBv36,BG,64.0
16.0,2nLOHgzXzwFEpl62zAgCEC,BG,85.0
14.0,4yP0hdKOZPNshxUOjY0cZj,BG,91.0
7.0,4qZBW3f2Q8y0k1A84d4iAO,BG,86.0
18.0,2ODvWsOgouMbaA5xf0RkJe,BG,92.0
14.0,0P3oVJBFOv3TDXlYRhGL7s,BG,88.0
10.0,3hhDpPtCFuQbppwYgsVhMO,BG,65.0
30.0,2XGEyGU76kj55OdHWynX0S,BG,64.0
9.0,04hy4jb1GDD00otiwzsFUB,BG,62.0
9.0,6F87lH0I09qlrzvCCKc7lz,BG,63.0
9.0,7zCODUHkfuRxsUjtuzNqbd,BG,79.0
31.0,1OARrXe5sB0gyy3MhQ8h92,BH,70.0
22.0,4M2Mf4pmARKGVT9MLCe3HA,BH,64.0
24.0,12INlMsFtBjyehNnawBv36,BH,64.0
16.0,2nLOHgzXzwFEpl62zAgCEC,BH,85.0
14.0,4yP0hdKOZPNshxUOjY0cZj,BH,91.0
7.0,4qZBW3f2Q8y0k1A84d4iAO,BH,86.0
18.0,2ODvWsOgouMbaA5xf0RkJe,BH,92.0
14.0,0P3oVJBFOv3TDXlYRhGL7s,BH,88.0
10.0,3hhDpPtCFuQbppwYgsVhMO,BH,65.0
30.0,2XGEyGU76kj55OdHWynX0S,BH,64.0
9.0,04hy4jb1GDD00otiwzsFUB,BH,62.0
9.0,6F87lH0I09qlrzvCCKc7lz,BH,63.0
9.0,7zCODUHkfuRxsUjtuzNqbd,BH,79.0
31.0,1OARrXe5sB0gyy3MhQ8h92,BI,70.0
22.0,4M2Mf4pmARKGVT9MLCe3HA,BI,64.0
24.0,12INlMsFtBjyehNnawBv36,BI,64.0
16.0,2nLOHgzXzwFEpl62zAgCEC,BI,85.0
14.0,4yP0hdKOZPNshxUOjY0cZj,BI,91.0
7.0,4qZBW3f2Q8y0k1A84d4iAO,BI,86.0
18.0,2ODvWsOgouMbaA5xf0RkJe,BI,92.0
14.0,0P3oVJBFOv3TDXlYRhGL7s,BI,88.0
10.0,3hhDpPtCFuQbppwYgsVhMO,BI,65.0
30.0,2XGEyGU76kj55OdHWynX0S,BI,64.0
9.0,04hy4jb1GDD00otiwzsFUB,BI,62.0
9.0,6F87lH0I09qlrzvCCKc7lz,BI,63.0
9.0,7zCODUHkfuRxsUjtuzNqbd,BI,79.0
31.0,1OARrXe5sB0gyy3MhQ8h92,BJ,70.0
22.0,4M2Mf4pmARKGVT9MLCe3HA,BJ,64.0
24.0,12INlMsFtBjyehNnawBv36,BJ,64.0
16.0,2nLOHgzXzwFEpl62zAgCEC,BJ,85.0
14.0,4yP0hdKOZPNshxUOjY0cZj,BJ,91.0
7.0,4qZBW3f2Q8y0k1A84d4iAO,BJ,86.0
18.0,2ODvWsOgouMbaA5xf0RkJe,BJ,92.0
14.0,0P3oVJBFOv3TDXlYRhGL7s,BJ,88.0
10.0,3hhDpPtCFuQbppwYgsVhMO,BJ,65.0
30.0,2XGEyGU76kj55OdHWynX0S,BJ,64.0
9.0,04hy4jb1GDD00otiwzsFUB,BJ,62.0
9.0,6F87lH0I09qlrzvCCKc7lz,BJ,63.0
9.0,7zCODUHkfuRxsUjtuzNqbd,BJ,79.0
31.0,1OARrXe5sB0gyy3MhQ8h92,BN,70.0
22.0,4M2Mf4pmARKGVT9MLCe3HA,BN,64.0
24.0,12INlMsFtBjyehNnawBv36,BN,64.0
16.0,2nLOHgzXzwFEpl62zAgCEC,BN,85.0
14.0,4yP0hdKOZPNshxUOjY0cZj,BN,91.0
7.0,4qZBW3f2Q8y0k1A84d4iAO,BN,86.0
18.0,2ODvWsOgouMbaA5xf0RkJe,BN,92.0
14.0,0P3oVJBFOv3TDXlYRhGL7s,BN,88.0
10.0,3hhDpPtCFuQbppwYgsVhMO,BN,65.0
30.0,2XGEyGU76kj55OdHWynX0S,BN,64.0
9.0,04hy4jb1GDD00otiwzsFUB,BN,62.0
9.0,6F87lH0I09qlrzvCCKc7lz,BN,63.0
9.0,7zCODUHkfuRxsUjtuzNqbd,BN,79.0
31.0,1OARrXe5sB0gyy3MhQ8h92,BO,70.0
22.0,4M2Mf4pmARKGVT9MLCe3HA,BO,64.0
24.0,12INlMsFtBjyehNnawBv36,BO,64.0
16.0,2nLOHgzXzwFEpl62zAgCEC,BO,85.0
14.0,4yP0hdKOZPNshxUOjY0cZj,BO,91.0
7.0,4qZBW3f2Q8y0k1A84d4iAO,BO,86.0
18.0,2ODvWsOgouMbaA5xf0RkJe,BO,92.0
14.0,0P3oVJBFOv3TDXlYRhGL7s,BO,88.0
10.0,3hhDpPtCFuQbppwYgsVhMO,BO,65.0
30.0,2XGEyGU76kj55OdHWynX0S,BO,64.0
9.0,04hy4jb1GDD00otiwzsFUB,BO,62.0
9.0,6F87lH0I09qlrzvCCKc7lz,BO,63.0
9.0,7zCODUHkfuRxsUjtuzNqbd,BO,79.0
31.0,1OARrXe5sB0gyy3MhQ8h92,BR,70.0
22.0,4M2Mf4pmARKGVT9MLCe3HA,BR,64.0
24.0,12INlMsFtBjyehNnawBv36,BR,64.0
16.0,2nLOHgzXzwFEpl62zAgCEC,BR,85.0
14.0,4yP0hdKOZPNshxUOjY0cZj,BR,91.0
7.0,4qZBW3f2Q8y0k1A84d4iAO,BR,86.0
18.0,2ODvWsOgouMbaA5xf0RkJe,BR,92.0
14.0,0P3oVJBFOv3TDXlYRhGL7s,BR,88.0
10.0,3hhDpPtCFuQbppwYgsVhMO,BR,65.0
30.0,2XGEyGU76kj55OdHWynX0S,BR,64.0
9.0,04hy4jb1GDD00otiwzsFUB,BR,62.0
9.0,6F87lH0I09qlrzvCCKc7lz,BR,63.0
9.0,7zCODUHkfuRxsUjtuzNqbd,BR,79.0
31.0,1OARrXe5sB0gyy3MhQ8h92,BS,70.0
22.0,4M2Mf4pmARKGVT9MLCe3HA,BS,64.0
24.0,12INlMsFtBjyehNnawBv36,BS,64.0
16.0,2nLOHgzXzwFEpl62zAgCEC,BS,85.0
14.0,4yP0hdKOZPNshxUOjY0cZj,BS,91.0
7.0,4qZBW3f2Q8y0k1A84d4iAO,BS,86.0
18.0,2ODvWsOgouMbaA5xf0RkJe,BS,92.0
14.0,0P3oVJBFOv3TDXlYRhGL7s,BS,88.0
10.0,3hhDpPtCFuQbppwYgsVhMO,BS,65.0
30.0,2XGEyGU76kj55OdHWynX0S,BS,64.0
9.0,04hy4jb1GDD00otiwzsFUB,BS,62.0
9.0,6F87lH0I09qlrzvCCKc7lz,BS,63.0
9.0,7zCODUHkfuRxsUjtuzNqbd,BS,79.0
31.0,1OARrXe5sB0gyy3MhQ8h92,BT,70.0
22.0,4M2Mf4pmARKGVT9MLCe3HA,BT,64.0
24.0,12INlMsFtBjyehNnawBv36,BT,64.0
16.0,2nLOHgzXzwFEpl62zAgCEC,BT,85.0
14.0,4yP0hdKOZPNshxUOjY0cZj,BT,91.0
7.0,4qZBW3f2Q8y0k1A84d4iAO,BT,86.0
18.0,2ODvWsOgouMbaA5xf0RkJe,BT,92.0
14.0,0P3oVJBFOv3TDXlYRhGL7s,BT,88.0
10.0,3hhDpPtCFuQbppwYgsVhMO,BT,65.0
30.0,2XGEyGU76kj55OdHWynX0S,BT,64.0
9.0,04hy4jb1GDD00otiwzsFUB,BT,62.0
9.0,6F87lH0I09qlrzvCCKc7lz,BT,63.0
9.0,7zCODUHkfuRxsUjtuzNqbd,BT,79.0
31.0,1OARrXe5sB0gyy3MhQ8h92,BW,70.0
22.0,4M2Mf4pmARKGVT9MLCe3HA,BW,64.0
24.0,12INlMsFtBjyehNnawBv36,BW,64.0
16.0,2nLOHgzXzwFEpl62zAgCEC,BW,85.0
14.0,4yP0hdKOZPNshxUOjY0cZj,BW,91.0
7.0,4qZBW3f2Q8y0k1A84d4iAO,BW,86.0
18.0,2ODvWsOgouMbaA5xf0RkJe,BW,92.0
14.0,0P3oVJBFOv3TDXlYRhGL7s,BW,88.0
10.0,3hhDpPtCFuQbppwYgsVhMO,BW,65.0
30.0,2XGEyGU76kj55OdHWynX0S,BW,64.0
9.0,04hy4jb1GDD00otiwzsFUB,BW,62.0
9.0,6F87lH0I09qlrzvCCKc7lz,BW,63.0
9.0,7zCODUHkfuRxsUjtuzNqbd,BW,79.0
31.0,1OARrXe5sB0gyy3MhQ8h92,BY,70.0
22.0,4M2Mf4pmARKGVT9MLCe3HA,BY,64.0
24.0,12INlMsFtBjyehNnawBv36,BY,64.0
16.0,2nLOHgzXzwFEpl62zAgCEC,BY,85.0
14.0,4yP0hdKOZPNshxUOjY0cZj,BY,91.0
7.0,4qZBW3f2Q8y0k1A84d4iAO,BY,86.0
18.0,2ODvWsOgouMbaA5xf0RkJe,BY,92.0
14.0,0P3oVJBFOv3TDXlYRhGL7s,BY,88.0
10.0,3hhDpPtCFuQbppwYgsVhMO,BY,65.0
30.0,2XGEyGU76kj55OdHWynX0S,BY,64.0
9.0,04hy4jb1GDD00otiwzsFUB,BY,62.0
9.0,6F87lH0I09qlrzvCCKc7lz,BY,63.0
9.0,7zCODUHkfuRxsUjtuzNqbd,BY,79.0
31.0,1OARrXe5sB0gyy3MhQ8h92,BZ,70.0
22.0,4M2Mf4pmARKGVT9MLCe3HA,BZ,64.0
24.0,12INlMsFtBjyehNnawBv36,BZ,64.0
16.0,2nLOHgzXzwFEpl62zAgCEC,BZ,85.0
14.0,4yP0hdKOZPNshxUOjY0cZj,BZ,91.0
7.0,4qZBW3f2Q8y0k1A84d4iAO,BZ,86.0
18.0,2ODvWsOgouMbaA5xf0RkJe,BZ,92.0
14.0,0P3oVJBFOv3TDXlYRhGL7s,BZ,88.0
10.0,3hhDpPtCFuQbppwYgsVhMO,BZ,65.0
30.0,2XGEyGU76kj55OdHWynX0S,BZ,64.0
9.0,04hy4jb1GDD00otiwzsFUB,BZ,62.0
9.0,6F87lH0I09qlrzvCCKc7lz,BZ,63.0
9.0,7zCODUHkfuRxsUjtuzNqbd,BZ,79.0
31.0,1OARrXe5sB0gyy3MhQ8h92,CA,70.0
22.0,4M2Mf4pmARKGVT9MLCe3HA,CA,64.0
24.0,12INlMsFtBjyehNnawBv36,CA,64.0
16.0,2nLOHgzXzwFEpl62zAgCEC,CA,85.0
14.0,4yP0hdKOZPNshxUOjY0cZj,CA,91.0
7.0,4qZBW3f2Q8y0k1A84d4iAO,CA,86.0
18.0,2ODvWsOgouMbaA5xf0RkJe,CA,92.0
14.0,0P3oVJBFOv3TDXlYRhGL7s,CA,88.0
10.0,3hhDpPtCFuQbppwYgsVhMO,CA,65.0
30.0,2XGEyGU76kj55OdHWynX0S,CA,64.0
9.0,04hy4jb1GDD00otiwzsFUB,CA,62.0
9.0,6F87lH0I09qlrzvCCKc7lz,CA,63.0
9.0,7zCODUHkfuRxsUjtuzNqbd,CA,79.0
31.0,1OARrXe5sB0gyy3MhQ8h92,CD,70.0
22.0,4M2Mf4pmARKGVT9MLCe3HA,CD,64.0
24.0,12INlMsFtBjyehNnawBv36,CD,64.0
16.0,2nLOHgzXzwFEpl62zAgCEC,CD,85.0
14.0,4yP0hdKOZPNshxUOjY0cZj,CD,91.0
7.0,4qZBW3f2Q8y0k1A84d4iAO,CD,86.0
18.0,2ODvWsOgouMbaA5xf0RkJe,CD,92.0
14.0,0P3oVJBFOv3TDXlYRhGL7s,CD,88.0
10.0,3hhDpPtCFuQbppwYgsVhMO,CD,65.0
30.0,2XGEyGU76kj55OdHWynX0S,CD,64.0
9.0,04hy4jb1GDD00otiwzsFUB,CD,62.0
9.0,6F87lH0I09qlrzvCCKc7lz,CD,63.0
9.0,7zCODUHkfuRxsUjtuzNqbd,CD,79.0
31.0,1OARrXe5sB0gyy3MhQ8h92,CG,70.0
22.0,4M2Mf4pmARKGVT9MLCe3HA,CG,64.0
24.0,12INlMsFtBjyehNnawBv36,CG,64.0
16.0,2nLOHgzXzwFEpl62zAgCEC,CG,85.0
14.0,4yP0hdKOZPNshxUOjY0cZj,CG,91.0
7.0,4qZBW3f2Q8y0k1A84d4iAO,CG,86.0
18.0,2ODvWsOgouMbaA5xf0RkJe,CG,92.0
14.0,0P3oVJBFOv3TDXlYRhGL7s,CG,88.0
10.0,3hhDpPtCFuQbppwYgsVhMO,CG,65.0
30.0,2XGEyGU76kj55OdHWynX0S,CG,64.0
9.0,04hy4jb1GDD00otiwzsFUB,CG,62.0
9.0,6F87lH0I09qlrzvCCKc7lz,CG,63.0
9.0,7zCODUHkfuRxsUjtuzNqbd,CG,79.0
31.0,1OARrXe5sB0gyy3MhQ8h92,CH,70.0
22.0,4M2Mf4pmARKGVT9MLCe3HA,CH,64.0
24.0,12INlMsFtBjyehNnawBv36,CH,64.0
16.0,2nLOHgzXzwFEpl62zAgCEC,CH,85.0
14.0,4yP0hdKOZPNshxUOjY0cZj,CH,91.0
7.0,4qZBW3f2Q8y0k1A84d4iAO,CH,86.0
18.0,2ODvWsOgouMbaA5xf0RkJe,CH,92.0
14.0,0P3oVJBFOv3TDXlYRhGL7s,CH,88.0
10.0,3hhDpPtCFuQbppwYgsVhMO,CH,65.0
30.0,2XGEyGU76kj55OdHWynX0S,CH,64.0
9.0,04hy4jb1GDD00otiwzsFUB,CH,62.0
9.0,6F87lH0I09qlrzvCCKc7lz,CH,63.0
9.0,7zCODUHkfuRxsUjtuzNqbd,CH,79.0
31.0,1OARrXe5sB0gyy3MhQ8h92,CI,70.0
22.0,4M2Mf4pmARKGVT9MLCe3HA,CI,64.0
24.0,12INlMsFtBjyehNnawBv36,CI,64.0
16.0,2nLOHgzXzwFEpl62zAgCEC,CI,85.0
14.0,4yP0hdKOZPNshxUOjY0cZj,CI,91.0
7.0,4qZBW3f2Q8y0k1A84d4iAO,CI,86.0
18.0,2ODvWsOgouMbaA5xf0RkJe,CI,92.0
14.0,0P3oVJBFOv3TDXlYRhGL7s,CI,88.0
10.0,3hhDpPtCFuQbppwYgsVhMO,CI,65.0
30.0,2XGEyGU76kj55OdHWynX0S,CI,64.0
9.0,04hy4jb1GDD00otiwzsFUB,CI,62.0
9.0,6F87lH0I09qlrzvCCKc7lz,CI,63.0
9.0,7zCODUHkfuRxsUjtuzNqbd,CI,79.0
31.0,1OARrXe5sB0gyy3MhQ8h92,CL,70.0
22.0,4M2Mf4pmARKGVT9MLCe3HA,CL,64.0
24.0,12INlMsFtBjyehNnawBv36,CL,64.0
16.0,2nLOHgzXzwFEpl62zAgCEC,CL,85.0
14.0,4yP0hdKOZPNshxUOjY0cZj,CL,91.0
7.0,4qZBW3f2Q8y0k1A84d4iAO,CL,86.0
18.0,2ODvWsOgouMbaA5xf0RkJe,CL,92.0
14.0,0P3oVJBFOv3TDXlYRhGL7s,CL,88.0
10.0,3hhDpPtCFuQbppwYgsVhMO,CL,65.0
30.0,2XGEyGU76kj55OdHWynX0S,CL,64.0
9.0,04hy4jb1GDD00otiwzsFUB,CL,62.0
9.0,6F87lH0I09qlrzvCCKc7lz,CL,63.0
9.0,7zCODUHkfuRxsUjtuzNqbd,CL,79.0
31.0,1OARrXe5sB0gyy3MhQ8h92,CM,70.0
22.0,4M2Mf4pmARKGVT9MLCe3HA,CM,64.0
24.0,12INlMsFtBjyehNnawBv36,CM,64.0
16.0,2nLOHgzXzwFEpl62zAgCEC,CM,85.0
14.0,4yP0hdKOZPNshxUOjY0cZj,CM,91.0
7.0,4qZBW3f2Q8y0k1A84d4iAO,CM,86.0
18.0,2ODvWsOgouMbaA5xf0RkJe,CM,92.0
14.0,0P3oVJBFOv3TDXlYRhGL7s,CM,88.0
10.0,3hhDpPtCFuQbppwYgsVhMO,CM,65.0
30.0,2XGEyGU76kj55OdHWynX0S,CM,64.0
9.0,04hy4jb1GDD00otiwzsFUB,CM,62.0
9.0,6F87lH0I09qlrzvCCKc7lz,CM,63.0
9.0,7zCODUHkfuRxsUjtuzNqbd,CM,79.0
31.0,1OARrXe5sB0gyy3MhQ8h92,CO,70.0
22.0,4M2Mf4pmARKGVT9MLCe3HA,CO,64.0
24.0,12INlMsFtBjyehNnawBv36,CO,64.0
16.0,2nLOHgzXzwFEpl62zAgCEC,CO,85.0
14.0,4yP0hdKOZPNshxUOjY0cZj,CO,91.0
7.0,4qZBW3f2Q8y0k1A84d4iAO,CO,86.0
18.0,2ODvWsOgouMbaA5xf0RkJe,CO,92.0
14.0,0P3oVJBFOv3TDXlYRhGL7s,CO,88.0
10.0,3hhDpPtCFuQbppwYgsVhMO,CO,65.0
30.0,2XGEyGU76kj55OdHWynX0S,CO,64.0
9.0,04hy4jb1GDD00otiwzsFUB,CO,62.0
9.0,6F87lH0I09qlrzvCCKc7lz,CO,63.0
9.0,7zCODUHkfuRxsUjtuzNqbd,CO,79.0
31.0,1OARrXe5sB0gyy3MhQ8h92,CR,70.0
22.0,4M2Mf4pmARKGVT9MLCe3HA,CR,64.0
24.0,12INlMsFtBjyehNnawBv36,CR,64.0
16.0,2nLOHgzXzwFEpl62zAgCEC,CR,85.0
14.0,4yP0hdKOZPNshxUOjY0cZj,CR,91.0
7.0,4qZBW3f2Q8y0k1A84d4iAO,CR,86.0
18.0,2ODvWsOgouMbaA5xf0RkJe,CR,92.0
14.0,0P3oVJBFOv3TDXlYRhGL7s,CR,88.0
10.0,3hhDpPtCFuQbppwYgsVhMO,CR,65.0
30.0,2XGEyGU76kj55OdHWynX0S,CR,64.0
9.0,04hy4jb1GDD00otiwzsFUB,CR,62.0
9.0,6F87lH0I09qlrzvCCKc7lz,CR,63.0
9.0,7zCODUHkfuRxsUjtuzNqbd,CR,79.0
31.0,1OARrXe5sB0gyy3MhQ8h92,CV,70.0
22.0,4M2Mf4pmARKGVT9MLCe3HA,CV,64.0
24.0,12INlMsFtBjyehNnawBv36,CV,64.0
16.0,2nLOHgzXzwFEpl62zAgCEC,CV,85.0
14.0,4yP0hdKOZPNshxUOjY0cZj,CV,91.0
7.0,4qZBW3f2Q8y0k1A84d4iAO,CV,86.0
18.0,2ODvWsOgouMbaA5xf0RkJe,CV,92.0
14.0,0P3oVJBFOv3TDXlYRhGL7s,CV,88.0
10.0,3hhDpPtCFuQbppwYgsVhMO,CV,65.0
30.0,2XGEyGU76kj55OdHWynX0S,CV,64.0
9.0,04hy4jb1GDD00otiwzsFUB,CV,62.0
9.0,6F87lH0I09qlrzvCCKc7lz,CV,63.0
9.0,7zCODUHkfuRxsUjtuzNqbd,CV,79.0
31.0,1OARrXe5sB0gyy3MhQ8h92,CW,70.0
22.0,4M2Mf4pmARKGVT9MLCe3HA,CW,64.0
24.0,12INlMsFtBjyehNnawBv36,CW,64.0
16.0,2nLOHgzXzwFEpl62zAgCEC,CW,85.0
14.0,4yP0hdKOZPNshxUOjY0cZj,CW,91.0
7.0,4qZBW3f2Q8y0k1A84d4iAO,CW,86.0
18.0,2ODvWsOgouMbaA5xf0RkJe,CW,92.0
14.0,0P3oVJBFOv3TDXlYRhGL7s,CW,88.0
10.0,3hhDpPtCFuQbppwYgsVhMO,CW,65.0
30.0,2XGEyGU76kj55OdHWynX0S,CW,64.0
9.0,04hy4jb1GDD00otiwzsFUB,CW,62.0
9.0,6F87lH0I09qlrzvCCKc7lz,CW,63.0
9.0,7zCODUHkfuRxsUjtuzNqbd,CW,79.0
31.0,1OARrXe5sB0gyy3MhQ8h92,CY,70.0
22.0,4M2Mf4pmARKGVT9MLCe3HA,CY,64.0
24.0,12INlMsFtBjyehNnawBv36,CY,64.0
16.0,2nLOHgzXzwFEpl62zAgCEC,CY,85.0
14.0,4yP0hdKOZPNshxUOjY0cZj,CY,91.0
7.0,4qZBW3f2Q8y0k1A84d4iAO,CY,86.0
18.0,2ODvWsOgouMbaA5xf0RkJe,CY,92.0
14.0,0P3oVJBFOv3TDXlYRhGL7s,CY,88.0
10.0,3hhDpPtCFuQbppwYgsVhMO,CY,65.0
30.0,2XGEyGU76kj55OdHWynX0S,CY,64.0
9.0,04hy4jb1GDD00otiwzsFUB,CY,62.0
9.0,6F87lH0I09qlrzvCCKc7lz,CY,63.0
9.0,7zCODUHkfuRxsUjtuzNqbd,CY,79.0
31.0,1OARrXe5sB0gyy3MhQ8h92,CZ,70.0
22.0,4M2Mf4pmARKGVT9MLCe3HA,CZ,64.0
24.0,12INlMsFtBjyehNnawBv36,CZ,64.0
16.0,2nLOHgzXzwFEpl62zAgCEC,CZ,85.0
14.0,4yP0hdKOZPNshxUOjY0cZj,CZ,91.0
7.0,4qZBW3f2Q8y0k1A84d4iAO,CZ,86.0
18.0,2ODvWsOgouMbaA5xf0RkJe,CZ,92.0
14.0,0P3oVJBFOv3TDXlYRhGL7s,CZ,88.0
10.0,3hhDpPtCFuQbppwYgsVhMO,CZ,65.0
30.0,2XGEyGU76kj55OdHWynX0S,CZ,64.0
9.0,04hy4jb1GDD00otiwzsFUB,CZ,62.0
9.0,6F87lH0I09qlrzvCCKc7lz,CZ,63.0
9.0,7zCODUHkfuRxsUjtuzNqbd,CZ,79.0
31.0,1OARrXe5sB0gyy3MhQ8h92,DE,70.0
22.0,4M2Mf4pmARKGVT9MLCe3HA,DE,64.0
24.0,12INlMsFtBjyehNnawBv36,DE,64.0
16.0,2nLOHgzXzwFEpl62zAgCEC,DE,85.0
14.0,4yP0hdKOZPNshxUOjY0cZj,DE,91.0
7.0,4qZBW3f2Q8y0k1A84d4iAO,DE,86.0
18.0,2ODvWsOgouMbaA5xf0RkJe,DE,92.0
14.0,0P3oVJBFOv3TDXlYRhGL7s,DE,88.0
10.0,3hhDpPtCFuQbppwYgsVhMO,DE,65.0
30.0,2XGEyGU76kj55OdHWynX0S,DE,64.0
9.0,04hy4jb1GDD00otiwzsFUB,DE,62.0
9.0,6F87lH0I09qlrzvCCKc7lz,DE,63.0
9.0,7zCODUHkfuRxsUjtuzNqbd,DE,79.0
31.0,1OARrXe5sB0gyy3MhQ8h92,DJ,70.0
22.0,4M2Mf4pmARKGVT9MLCe3HA,DJ,64.0
24.0,12INlMsFtBjyehNnawBv36,DJ,64.0
16.0,2nLOHgzXzwFEpl62zAgCEC,DJ,85.0
14.0,4yP0hdKOZPNshxUOjY0cZj,DJ,91.0
7.0,4qZBW3f2Q8y0k1A84d4iAO,DJ,86.0
18.0,2ODvWsOgouMbaA5xf0RkJe,DJ,92.0
14.0,0P3oVJBFOv3TDXlYRhGL7s,DJ,88.0
10.0,3hhDpPtCFuQbppwYgsVhMO,DJ,65.0
30.0,2XGEyGU76kj55OdHWynX0S,DJ,64.0
9.0,04hy4jb1GDD00otiwzsFUB,DJ,62.0
9.0,6F87lH0I09qlrzvCCKc7lz,DJ,63.0
9.0,7zCODUHkfuRxsUjtuzNqbd,DJ,79.0
31.0,1OARrXe5sB0gyy3MhQ8h92,DK,70.0
22.0,4M2Mf4pmARKGVT9MLCe3HA,DK,64.0
24.0,12INlMsFtBjyehNnawBv36,DK,64.0
16.0,2nLOHgzXzwFEpl62zAgCEC,DK,85.0
14.0,4yP0hdKOZPNshxUOjY0cZj,DK,91.0
7.0,4qZBW3f2Q8y0k1A84d4iAO,DK,86.0
18.0,2ODvWsOgouMbaA5xf0RkJe,DK,92.0
14.0,0P3oVJBFOv3TDXlYRhGL7s,DK,88.0
10.0,3hhDpPtCFuQbppwYgsVhMO,DK,65.0
30.0,2XGEyGU76kj55OdHWynX0S,DK,64.0
9.0,04hy4jb1GDD00otiwzsFUB,DK,62.0
9.0,6F87lH0I09qlrzvCCKc7lz,DK,63.0
9.0,7zCODUHkfuRxsUjtuzNqbd,DK,79.0
31.0,1OARrXe5sB0gyy3MhQ8h92,DM,70.0
22.0,4M2Mf4pmARKGVT9MLCe3HA,DM,64.0
24.0,12INlMsFtBjyehNnawBv36,DM,64.0
16.0,2nLOHgzXzwFEpl62zAgCEC,DM,85.0
14.0,4yP0hdKOZPNshxUOjY0cZj,DM,91.0
7.0,4qZBW3f2Q8y0k1A84d4iAO,DM,86.0
18.0,2ODvWsOgouMbaA5xf0RkJe,DM,92.0
14.0,0P3oVJBFOv3TDXlYRhGL7s,DM,88.0
10.0,3hhDpPtCFuQbppwYgsVhMO,DM,65.0
30.0,2XGEyGU76kj55OdHWynX0S,DM,64.0
9.0,04hy4jb1GDD00otiwzsFUB,DM,62.0
9.0,6F87lH0I09qlrzvCCKc7lz,DM,63.0
9.0,7zCODUHkfuRxsUjtuzNqbd,DM,79.0
31.0,1OARrXe5sB0gyy3MhQ8h92,DO,70.0
22.0,4M2Mf4pmARKGVT9MLCe3HA,DO,64.0
24.0,12INlMsFtBjyehNnawBv36,DO,64.0
16.0,2nLOHgzXzwFEpl62zAgCEC,DO,85.0
14.0,4yP0hdKOZPNshxUOjY0cZj,DO,91.0
7.0,4qZBW3f2Q8y0k1A84d4iAO,DO,86.0
18.0,2ODvWsOgouMbaA5xf0RkJe,DO,92.0
14.0,0P3oVJBFOv3TDXlYRhGL7s,DO,88.0
10.0,3hhDpPtCFuQbppwYgsVhMO,DO,65.0
30.0,2XGEyGU76kj55OdHWynX0S,DO,64.0
9.0,04hy4jb1GDD00otiwzsFUB,DO,62.0
9.0,6F87lH0I09qlrzvCCKc7lz,DO,63.0
9.0,7zCODUHkfuRxsUjtuzNqbd,DO,79.0
31.0,1OARrXe5sB0gyy3MhQ8h92,DZ,70.0
22.0,4M2Mf4pmARKGVT9MLCe3HA,DZ,64.0
24.0,12INlMsFtBjyehNnawBv36,DZ,64.0
16.0,2nLOHgzXzwFEpl62zAgCEC,DZ,85.0
14.0,4yP0hdKOZPNshxUOjY0cZj,DZ,91.0
7.0,4qZBW3f2Q8y0k1A84d4iAO,DZ,86.0
18.0,2ODvWsOgouMbaA5xf0RkJe,DZ,92.0
14.0,0P3oVJBFOv3TDXlYRhGL7s,DZ,88.0
10.0,3hhDpPtCFuQbppwYgsVhMO,DZ,65.0
30.0,2XGEyGU76kj55OdHWynX0S,DZ,64.0
9.0,04hy4jb1GDD00otiwzsFUB,DZ,62.0
9.0,6F87lH0I09qlrzvCCKc7lz,DZ,63.0
9.0,7zCODUHkfuRxsUjtuzNqbd,DZ,79.0
31.0,1OARrXe5sB0gyy3MhQ8h92,EC,70.0
22.0,4M2Mf4pmARKGVT9MLCe3HA,EC,64.0
24.0,12INlMsFtBjyehNnawBv36,EC,64.0
16.0,2nLOHgzXzwFEpl62zAgCEC,EC,85.0
14.0,4yP0hdKOZPNshxUOjY0cZj,EC,91.0
7.0,4qZBW3f2Q8y0k1A84d4iAO,EC,86.0
18.0,2ODvWsOgouMbaA5xf0RkJe,EC,92.0
14.0,0P3oVJBFOv3TDXlYRhGL7s,EC,88.0
10.0,3hhDpPtCFuQbppwYgsVhMO,EC,65.0
30.0,2XGEyGU76kj55OdHWynX0S,EC,64.0
9.0,04hy4jb1GDD00otiwzsFUB,EC,62.0
9.0,6F87lH0I09qlrzvCCKc7lz,EC,63.0
9.0,7zCODUHkfuRxsUjtuzNqbd,EC,79.0
31.0,1OARrXe5sB0gyy3MhQ8h92,EE,70.0
22.0,4M2Mf4pmARKGVT9MLCe3HA,EE,64.0
24.0,12INlMsFtBjyehNnawBv36,EE,64.0
16.0,2nLOHgzXzwFEpl62zAgCEC,EE,85.0
14.0,4yP0hdKOZPNshxUOjY0cZj,EE,91.0
7.0,4qZBW3f2Q8y0k1A84d4iAO,EE,86.0
18.0,2ODvWsOgouMbaA5xf0RkJe,EE,92.0
14.0,0P3oVJBFOv3TDXlYRhGL7s,EE,88.0
10.0,3hhDpPtCFuQbppwYgsVhMO,EE,65.0
30.0,2XGEyGU76kj55OdHWynX0S,EE,64.0
9.0,04hy4jb1GDD00otiwzsFUB,EE,62.0
9.0,6F87lH0I09qlrzvCCKc7lz,EE,63.0
9.0,7zCODUHkfuRxsUjtuzNqbd,EE,79.0
31.0,1OARrXe5sB0gyy3MhQ8h92,EG,70.0
22.0,4M2Mf4pmARKGVT9MLCe3HA,EG,64.0
24.0,12INlMsFtBjyehNnawBv36,EG,64.0
16.0,2nLOHgzXzwFEpl62zAgCEC,EG,85.0
14.0,4yP0hdKOZPNshxUOjY0cZj,EG,91.0
7.0,4qZBW3f2Q8y0k1A84d4iAO,EG,86.0
18.0,2ODvWsOgouMbaA5xf0RkJe,EG,92.0
14.0,0P3oVJBFOv3TDXlYRhGL7s,EG,88.0
10.0,3hhDpPtCFuQbppwYgsVhMO,EG,65.0
30.0,2XGEyGU76kj55OdHWynX0S,EG,64.0
9.0,04hy4jb1GDD00otiwzsFUB,EG,62.0
9.0,6F87lH0I09qlrzvCCKc7lz,EG,63.0
9.0,7zCODUHkfuRxsUjtuzNqbd,EG,79.0
31.0,1OARrXe5sB0gyy3MhQ8h92,ES,70.0
22.0,4M2Mf4pmARKGVT9MLCe3HA,ES,64.0
24.0,12INlMsFtBjyehNnawBv36,ES,64.0
16.0,2nLOHgzXzwFEpl62zAgCEC,ES,85.0
14.0,4yP0hdKOZPNshxUOjY0cZj,ES,91.0
7.0,4qZBW3f2Q8y0k1A84d4iAO,ES,86.0
18.0,2ODvWsOgouMbaA5xf0RkJe,ES,92.0
14.0,0P3oVJBFOv3TDXlYRhGL7s,ES,88.0
10.0,3hhDpPtCFuQbppwYgsVhMO,ES,65.0
30.0,2XGEyGU76kj55OdHWynX0S,ES,64.0
9.0,04hy4jb1GDD00otiwzsFUB,ES,62.0
9.0,6F87lH0I09qlrzvCCKc7lz,ES,63.0
9.0,7zCODUHkfuRxsUjtuzNqbd,ES,79.0
31.0,1OARrXe5sB0gyy3MhQ8h92,ET,70.0
22.0,4M2Mf4pmARKGVT9MLCe3HA,ET,64.0
24.0,12INlMsFtBjyehNnawBv36,ET,64.0
16.0,2nLOHgzXzwFEpl62zAgCEC,ET,85.0
14.0,4yP0hdKOZPNshxUOjY0cZj,ET,91.0
7.0,4qZBW3f2Q8y0k1A84d4iAO,ET,86.0
18.0,2ODvWsOgouMbaA5xf0RkJe,ET,92.0
14.0,0P3oVJBFOv3TDXlYRhGL7s,ET,88.0
10.0,3hhDpPtCFuQbppwYgsVhMO,ET,65.0
30.0,2XGEyGU76kj55OdHWynX0S,ET,64.0
9.0,04hy4jb1GDD00otiwzsFUB,ET,62.0
9.0,6F87lH0I09qlrzvCCKc7lz,ET,63.0
9.0,7zCODUHkfuRxsUjtuzNqbd,ET,79.0
31.0,1OARrXe5sB0gyy3MhQ8h92,FI,70.0
22.0,4M2Mf4pmARKGVT9MLCe3HA,FI,64.0
24.0,12INlMsFtBjyehNnawBv36,FI,64.0
16.0,2nLOHgzXzwFEpl62zAgCEC,FI,85.0
14.0,4yP0hdKOZPNshxUOjY0cZj,FI,91.0
7.0,4qZBW3f2Q8y0k1A84d4iAO,FI,86.0
18.0,2ODvWsOgouMbaA5xf0RkJe,FI,92.0
14.0,0P3oVJBFOv3TDXlYRhGL7s,FI,88.0
10.0,3hhDpPtCFuQbppwYgsVhMO,FI,65.0
30.0,2XGEyGU76kj55OdHWynX0S,FI,64.0
9.0,04hy4jb1GDD00otiwzsFUB,FI,62.0
9.0,6F87lH0I09qlrzvCCKc7lz,FI,63.0
9.0,7zCODUHkfuRxsUjtuzNqbd,FI,79.0
31.0,1OARrXe5sB0gyy3MhQ8h92,FJ,70.0
22.0,4M2Mf4pmARKGVT9MLCe3HA,FJ,64.0
24.0,12INlMsFtBjyehNnawBv36,FJ,64.0
16.0,2nLOHgzXzwFEpl62zAgCEC,FJ,85.0
14.0,4yP0hdKOZPNshxUOjY0cZj,FJ,91.0
7.0,4qZBW3f2Q8y0k1A84d4iAO,FJ,86.0
18.0,2ODvWsOgouMbaA5xf0RkJe,FJ,92.0
14.0,0P3oVJBFOv3TDXlYRhGL7s,FJ,88.0
10.0,3hhDpPtCFuQbppwYgsVhMO,FJ,65.0
30.0,2XGEyGU76kj55OdHWynX0S,FJ,64.0
9.0,04hy4jb1GDD00otiwzsFUB,FJ,62.0
9.0,6F87lH0I09qlrzvCCKc7lz,FJ,63.0
9.0,7zCODUHkfuRxsUjtuzNqbd,FJ,79.0
31.0,1OARrXe5sB0gyy3MhQ8h92,FM,70.0
22.0,4M2Mf4pmARKGVT9MLCe3HA,FM,64.0
24.0,12INlMsFtBjyehNnawBv36,FM,64.0
16.0,2nLOHgzXzwFEpl62zAgCEC,FM,85.0
14.0,4yP0hdKOZPNshxUOjY0cZj,FM,91.0
7.0,4qZBW3f2Q8y0k1A84d4iAO,FM,86.0
18.0,2ODvWsOgouMbaA5xf0RkJe,FM,92.0
14.0,0P3oVJBFOv3TDXlYRhGL7s,FM,88.0
10.0,3hhDpPtCFuQbppwYgsVhMO,FM,65.0
30.0,2XGEyGU76kj55OdHWynX0S,FM,64.0
9.0,04hy4jb1GDD00otiwzsFUB,FM,62.0
9.0,6F87lH0I09qlrzvCCKc7lz,FM,63.0
9.0,7zCODUHkfuRxsUjtuzNqbd,FM,79.0
31.0,1OARrXe5sB0gyy3MhQ8h92,FR,70.0
22.0,4M2Mf4pmARKGVT9MLCe3HA,FR,64.0
24.0,12INlMsFtBjyehNnawBv36,FR,64.0
16.0,2nLOHgzXzwFEpl62zAgCEC,FR,85.0
14.0,4yP0hdKOZPNshxUOjY0cZj,FR,91.0
7.0,4qZBW3f2Q8y0k1A84d4iAO,FR,86.0
18.0,2ODvWsOgouMbaA5xf0RkJe,FR,92.0
14.0,0P3oVJBFOv3TDXlYRhGL7s,FR,88.0
10.0,3hhDpPtCFuQbppwYgsVhMO,FR,65.0
30.0,2XGEyGU76kj55OdHWynX0S,FR,64.0
9.0,04hy4jb1GDD00otiwzsFUB,FR,62.0
9.0,6F87lH0I09qlrzvCCKc7lz,FR,63.0
9.0,7zCODUHkfuRxsUjtuzNqbd,FR,79.0
31.0,1OARrXe5sB0gyy3MhQ8h92,GA,70.0
22.0,4M2Mf4pmARKGVT9MLCe3HA,GA,64.0
24.0,12INlMsFtBjyehNnawBv36,GA,64.0
16.0,2nLOHgzXzwFEpl62zAgCEC,GA,85.0
14.0,4yP0hdKOZPNshxUOjY0cZj,GA,91.0
7.0,4qZBW3f2Q8y0k1A84d4iAO,GA,86.0
18.0,2ODvWsOgouMbaA5xf0RkJe,GA,92.0
14.0,0P3oVJBFOv3TDXlYRhGL7s,GA,88.0
10.0,3hhDpPtCFuQbppwYgsVhMO,GA,65.0
30.0,2XGEyGU76kj55OdHWynX0S,GA,64.0
9.0,04hy4jb1GDD00otiwzsFUB,GA,62.0
9.0,6F87lH0I09qlrzvCCKc7lz,GA,63.0
9.0,7zCODUHkfuRxsUjtuzNqbd,GA,79.0
31.0,1OARrXe5sB0gyy3MhQ8h92,GB,70.0
22.0,4M2Mf4pmARKGVT9MLCe3HA,GB,64.0
24.0,12INlMsFtBjyehNnawBv36,GB,64.0
16.0,2nLOHgzXzwFEpl62zAgCEC,GB,85.0
14.0,4yP0hdKOZPNshxUOjY0cZj,GB,91.0
7.0,4qZBW3f2Q8y0k1A84d4iAO,GB,86.0
18.0,2ODvWsOgouMbaA5xf0RkJe,GB,92.0
14.0,0P3oVJBFOv3TDXlYRhGL7s,GB,88.0
10.0,3hhDpPtCFuQbppwYgsVhMO,GB,65.0
30.0,2XGEyGU76kj55OdHWynX0S,GB,64.0
9.0,04hy4jb1GDD00otiwzsFUB,GB,62.0
9.0,6F87lH0I09qlrzvCCKc7lz,GB,63.0
9.0,7zCODUHkfuRxsUjtuzNqbd,GB,79.0
31.0,1OARrXe5sB0gyy3MhQ8h92,GD,70.0
22.0,4M2Mf4pmARKGVT9MLCe3HA,GD,64.0
24.0,12INlMsFtBjyehNnawBv36,GD,64.0
16.0,2nLOHgzXzwFEpl62zAgCEC,GD,85.0
14.0,4yP0hdKOZPNshxUOjY0cZj,GD,91.0
7.0,4qZBW3f2Q8y0k1A84d4iAO,GD,86.0
18.0,2ODvWsOgouMbaA5xf0RkJe,GD,92.0
14.0,0P3oVJBFOv3TDXlYRhGL7s,GD,88.0
10.0,3hhDpPtCFuQbppwYgsVhMO,GD,65.0
30.0,2XGEyGU76kj55OdHWynX0S,GD,64.0
9.0,04hy4jb1GDD00otiwzsFUB,GD,62.0
9.0,6F87lH0I09qlrzvCCKc7lz,GD,63.0
9.0,7zCODUHkfuRxsUjtuzNqbd,GD,79.0
31.0,1OARrXe5sB0gyy3MhQ8h92,GE,70.0
22.0,4M2Mf4pmARKGVT9MLCe3HA,GE,64.0
24.0,12INlMsFtBjyehNnawBv36,GE,64.0
16.0,2nLOHgzXzwFEpl62zAgCEC,GE,85.0
14.0,4yP0hdKOZPNshxUOjY0cZj,GE,91.0
7.0,4qZBW3f2Q8y0k1A84d4iAO,GE,86.0
18.0,2ODvWsOgouMbaA5xf0RkJe,GE,92.0
14.0,0P3oVJBFOv3TDXlYRhGL7s,GE,88.0
10.0,3hhDpPtCFuQbppwYgsVhMO,GE,65.0
30.0,2XGEyGU76kj55OdHWynX0S,GE,64.0
9.0,04hy4jb1GDD00otiwzsFUB,GE,62.0
9.0,6F87lH0I09qlrzvCCKc7lz,GE,63.0
9.0,7zCODUHkfuRxsUjtuzNqbd,GE,79.0
31.0,1OARrXe5sB0gyy3MhQ8h92,GH,70.0
22.0,4M2Mf4pmARKGVT9MLCe3HA,GH,64.0
24.0,12INlMsFtBjyehNnawBv36,GH,64.0
16.0,2nLOHgzXzwFEpl62zAgCEC,GH,85.0
14.0,4yP0hdKOZPNshxUOjY0cZj,GH,91.0
7.0,4qZBW3f2Q8y0k1A84d4iAO,GH,86.0
18.0,2ODvWsOgouMbaA5xf0RkJe,GH,92.0
14.0,0P3oVJBFOv3TDXlYRhGL7s,GH,88.0
10.0,3hhDpPtCFuQbppwYgsVhMO,GH,65.0
30.0,2XGEyGU76kj55OdHWynX0S,GH,64.0
9.0,04hy4jb1GDD00otiwzsFUB,GH,62.0
9.0,6F87lH0I09qlrzvCCKc7lz,GH,63.0
9.0,7zCODUHkfuRxsUjtuzNqbd,GH,79.0
31.0,1OARrXe5sB0gyy3MhQ8h92,GM,70.0
22.0,4M2Mf4pmARKGVT9MLCe3HA,GM,64.0
24.0,12INlMsFtBjyehNnawBv36,GM,64.0
16.0,2nLOHgzXzwFEpl62zAgCEC,GM,85.0
14.0,4yP0hdKOZPNshxUOjY0cZj,GM,91.0
7.0,4qZBW3f2Q8y0k1A84d4iAO,GM,86.0
18.0,2ODvWsOgouMbaA5xf0RkJe,GM,92.0
14.0,0P3oVJBFOv3TDXlYRhGL7s,GM,88.0
10.0,3hhDpPtCFuQbppwYgsVhMO,GM,65.0
30.0,2XGEyGU76kj55OdHWynX0S,GM,64.0
9.0,04hy4jb1GDD00otiwzsFUB,GM,62.0
9.0,6F87lH0I09qlrzvCCKc7lz,GM,63.0
9.0,7zCODUHkfuRxsUjtuzNqbd,GM,79.0
31.0,1OARrXe5sB0gyy3MhQ8h92,GN,70.0
22.0,4M2Mf4pmARKGVT9MLCe3HA,GN,64.0
24.0,12INlMsFtBjyehNnawBv36,GN,64.0
16.0,2nLOHgzXzwFEpl62zAgCEC,GN,85.0
14.0,4yP0hdKOZPNshxUOjY0cZj,GN,91.0
7.0,4qZBW3f2Q8y0k1A84d4iAO,GN,86.0
18.0,2ODvWsOgouMbaA5xf0RkJe,GN,92.0
14.0,0P3oVJBFOv3TDXlYRhGL7s,GN,88.0
10.0,3hhDpPtCFuQbppwYgsVhMO,GN,65.0
30.0,2XGEyGU76kj55OdHWynX0S,GN,64.0
9.0,04hy4jb1GDD00otiwzsFUB,GN,62.0
9.0,6F87lH0I09qlrzvCCKc7lz,GN,63.0
9.0,7zCODUHkfuRxsUjtuzNqbd,GN,79.0
31.0,1OARrXe5sB0gyy3MhQ8h92,GQ,70.0
22.0,4M2Mf4pmARKGVT9MLCe3HA,GQ,64.0
24.0,12INlMsFtBjyehNnawBv36,GQ,64.0
16.0,2nLOHgzXzwFEpl62zAgCEC,GQ,85.0
14.0,4yP0hdKOZPNshxUOjY0cZj,GQ,91.0
7.0,4qZBW3f2Q8y0k1A84d4iAO,GQ,86.0
18.0,2ODvWsOgouMbaA5xf0RkJe,GQ,92.0
14.0,0P3oVJBFOv3TDXlYRhGL7s,GQ,88.0
10.0,3hhDpPtCFuQbppwYgsVhMO,GQ,65.0
30.0,2XGEyGU76kj55OdHWynX0S,GQ,64.0
9.0,04hy4jb1GDD00otiwzsFUB,GQ,62.0
9.0,6F87lH0I09qlrzvCCKc7lz,GQ,63.0
9.0,7zCODUHkfuRxsUjtuzNqbd,GQ,79.0
31.0,1OARrXe5sB0gyy3MhQ8h92,GR,70.0
22.0,4M2Mf4pmARKGVT9MLCe3HA,GR,64.0
24.0,12INlMsFtBjyehNnawBv36,GR,64.0
16.0,2nLOHgzXzwFEpl62zAgCEC,GR,85.0
14.0,4yP0hdKOZPNshxUOjY0cZj,GR,91.0
7.0,4qZBW3f2Q8y0k1A84d4iAO,GR,86.0
18.0,2ODvWsOgouMbaA5xf0RkJe,GR,92.0
14.0,0P3oVJBFOv3TDXlYRhGL7s,GR,88.0
10.0,3hhDpPtCFuQbppwYgsVhMO,GR,65.0
30.0,2XGEyGU76kj55OdHWynX0S,GR,64.0
9.0,04hy4jb1GDD00otiwzsFUB,GR,62.0
9.0,6F87lH0I09qlrzvCCKc7lz,GR,63.0
9.0,7zCODUHkfuRxsUjtuzNqbd,GR,79.0
31.0,1OARrXe5sB0gyy3MhQ8h92,GT,70.0
22.0,4M2Mf4pmARKGVT9MLCe3HA,GT,64.0
24.0,12INlMsFtBjyehNnawBv36,GT,64.0
16.0,2nLOHgzXzwFEpl62zAgCEC,GT,85.0
14.0,4yP0hdKOZPNshxUOjY0cZj,GT,91.0
7.0,4qZBW3f2Q8y0k1A84d4iAO,GT,86.0
18.0,2ODvWsOgouMbaA5xf0RkJe,GT,92.0
14.0,0P3oVJBFOv3TDXlYRhGL7s,GT,88.0
10.0,3hhDpPtCFuQbppwYgsVhMO,GT,65.0
30.0,2XGEyGU76kj55OdHWynX0S,GT,64.0
9.0,04hy4jb1GDD00otiwzsFUB,GT,62.0
9.0,6F87lH0I09qlrzvCCKc7lz,GT,63.0
9.0,7zCODUHkfuRxsUjtuzNqbd,GT,79.0
31.0,1OARrXe5sB0gyy3MhQ8h92,GW,70.0
22.0,4M2Mf4pmARKGVT9MLCe3HA,GW,64.0
24.0,12INlMsFtBjyehNnawBv36,GW,64.0
16.0,2nLOHgzXzwFEpl62zAgCEC,GW,85.0
14.0,4yP0hdKOZPNshxUOjY0cZj,GW,91.0
7.0,4qZBW3f2Q8y0k1A84d4iAO,GW,86.0
18.0,2ODvWsOgouMbaA5xf0RkJe,GW,92.0
14.0,0P3oVJBFOv3TDXlYRhGL7s,GW,88.0
10.0,3hhDpPtCFuQbppwYgsVhMO,GW,65.0
30.0,2XGEyGU76kj55OdHWynX0S,GW,64.0
9.0,04hy4jb1GDD00otiwzsFUB,GW,62.0
9.0,6F87lH0I09qlrzvCCKc7lz,GW,63.0
9.0,7zCODUHkfuRxsUjtuzNqbd,GW,79.0
31.0,1OARrXe5sB0gyy3MhQ8h92,GY,70.0
22.0,4M2Mf4pmARKGVT9MLCe3HA,GY,64.0
24.0,12INlMsFtBjyehNnawBv36,GY,64.0
16.0,2nLOHgzXzwFEpl62zAgCEC,GY,85.0
14.0,4yP0hdKOZPNshxUOjY0cZj,GY,91.0
7.0,4qZBW3f2Q8y0k1A84d4iAO,GY,86.0
18.0,2ODvWsOgouMbaA5xf0RkJe,GY,92.0
14.0,0P3oVJBFOv3TDXlYRhGL7s,GY,88.0
10.0,3hhDpPtCFuQbppwYgsVhMO,GY,65.0
30.0,2XGEyGU76kj55OdHWynX0S,GY,64.0
9.0,04hy4jb1GDD00otiwzsFUB,GY,62.0
9.0,6F87lH0I09qlrzvCCKc7lz,GY,63.0
9.0,7zCODUHkfuRxsUjtuzNqbd,GY,79.0
31.0,1OARrXe5sB0gyy3MhQ8h92,HK,70.0
22.0,4M2Mf4pmARKGVT9MLCe3HA,HK,64.0
24.0,12INlMsFtBjyehNnawBv36,HK,64.0
16.0,2nLOHgzXzwFEpl62zAgCEC,HK,85.0
14.0,4yP0hdKOZPNshxUOjY0cZj,HK,91.0
7.0,4qZBW3f2Q8y0k1A84d4iAO,HK,86.0
18.0,2ODvWsOgouMbaA5xf0RkJe,HK,92.0
14.0,0P3oVJBFOv3TDXlYRhGL7s,HK,88.0
10.0,3hhDpPtCFuQbppwYgsVhMO,HK,65.0
30.0,2XGEyGU76kj55OdHWynX0S,HK,64.0
9.0,04hy4jb1GDD00otiwzsFUB,HK,62.0
9.0,6F87lH0I09qlrzvCCKc7lz,HK,63.0
9.0,7zCODUHkfuRxsUjtuzNqbd,HK,79.0
31.0,1OARrXe5sB0gyy3MhQ8h92,HN,70.0
22.0,4M2Mf4pmARKGVT9MLCe3HA,HN,64.0
24.0,12INlMsFtBjyehNnawBv36,HN,64.0
16.0,2nLOHgzXzwFEpl62zAgCEC,HN,85.0
14.0,4yP0hdKOZPNshxUOjY0cZj,HN,91.0
7.0,4qZBW3f2Q8y0k1A84d4iAO,HN,86.0
18.0,2ODvWsOgouMbaA5xf0RkJe,HN,92.0
14.0,0P3oVJBFOv3TDXlYRhGL7s,HN,88.0
10.0,3hhDpPtCFuQbppwYgsVhMO,HN,65.0
30.0,2XGEyGU76kj55OdHWynX0S,HN,64.0
9.0,04hy4jb1GDD00otiwzsFUB,HN,62.0
9.0,6F87lH0I09qlrzvCCKc7lz,HN,63.0
9.0,7zCODUHkfuRxsUjtuzNqbd,HN,79.0
31.0,1OARrXe5sB0gyy3MhQ8h92,HR,70.0
22.0,4M2Mf4pmARKGVT9MLCe3HA,HR,64.0
24.0,12INlMsFtBjyehNnawBv36,HR,64.0
16.0,2nLOHgzXzwFEpl62zAgCEC,HR,85.0
14.0,4yP0hdKOZPNshxUOjY0cZj,HR,91.0
7.0,4qZBW3f2Q8y0k1A84d4iAO,HR,86.0
18.0,2ODvWsOgouMbaA5xf0RkJe,HR,92.0
14.0,0P3oVJBFOv3TDXlYRhGL7s,HR,88.0
10.0,3hhDpPtCFuQbppwYgsVhMO,HR,65.0
30.0,2XGEyGU76kj55OdHWynX0S,HR,64.0
9.0,04hy4jb1GDD00otiwzsFUB,HR,62.0
9.0,6F87lH0I09qlrzvCCKc7lz,HR,63.0
9.0,7zCODUHkfuRxsUjtuzNqbd,HR,79.0
31.0,1OARrXe5sB0gyy3MhQ8h92,HT,70.0
22.0,4M2Mf4pmARKGVT9MLCe3HA,HT,64.0
24.0,12INlMsFtBjyehNnawBv36,HT,64.0
16.0,2nLOHgzXzwFEpl62zAgCEC,HT,85.0
14.0,4yP0hdKOZPNshxUOjY0cZj,HT,91.0
7.0,4qZBW3f2Q8y0k1A84d4iAO,HT,86.0
18.0,2ODvWsOgouMbaA5xf0RkJe,HT,92.0
14.0,0P3oVJBFOv3TDXlYRhGL7s,HT,88.0
10.0,3hhDpPtCFuQbppwYgsVhMO,HT,65.0
30.0,2XGEyGU76kj55OdHWynX0S,HT,64.0
9.0,04hy4jb1GDD00otiwzsFUB,HT,62.0
9.0,6F87lH0I09qlrzvCCKc7lz,HT,63.0
9.0,7zCODUHkfuRxsUjtuzNqbd,HT,79.0
31.0,1OARrXe5sB0gyy3MhQ8h92,HU,70.0
22.0,4M2Mf4pmARKGVT9MLCe3HA,HU,64.0
24.0,12INlMsFtBjyehNnawBv36,HU,64.0
16.0,2nLOHgzXzwFEpl62zAgCEC,HU,85.0
14.0,4yP0hdKOZPNshxUOjY0cZj,HU,91.0
7.0,4qZBW3f2Q8y0k1A84d4iAO,HU,86.0
18.0,2ODvWsOgouMbaA5xf0RkJe,HU,92.0
14.0,0P3oVJBFOv3TDXlYRhGL7s,HU,88.0
10.0,3hhDpPtCFuQbppwYgsVhMO,HU,65.0
30.0,2XGEyGU76kj55OdHWynX0S,HU,64.0
9.0,04hy4jb1GDD00otiwzsFUB,HU,62.0
9.0,6F87lH0I09qlrzvCCKc7lz,HU,63.0
9.0,7zCODUHkfuRxsUjtuzNqbd,HU,79.0
31.0,1OARrXe5sB0gyy3MhQ8h92,ID,70.0
22.0,4M2Mf4pmARKGVT9MLCe3HA,ID,64.0
24.0,12INlMsFtBjyehNnawBv36,ID,64.0
16.0,2nLOHgzXzwFEpl62zAgCEC,ID,85.0
14.0,4yP0hdKOZPNshxUOjY0cZj,ID,91.0
7.0,4qZBW3f2Q8y0k1A84d4iAO,ID,86.0
18.0,2ODvWsOgouMbaA5xf0RkJe,ID,92.0
14.0,0P3oVJBFOv3TDXlYRhGL7s,ID,88.0
10.0,3hhDpPtCFuQbppwYgsVhMO,ID,65.0
30.0,2XGEyGU76kj55OdHWynX0S,ID,64.0
9.0,04hy4jb1GDD00otiwzsFUB,ID,62.0
9.0,6F87lH0I09qlrzvCCKc7lz,ID,63.0
9.0,7zCODUHkfuRxsUjtuzNqbd,ID,79.0
31.0,1OARrXe5sB0gyy3MhQ8h92,IE,70.0
22.0,4M2Mf4pmARKGVT9MLCe3HA,IE,64.0
24.0,12INlMsFtBjyehNnawBv36,IE,64.0
16.0,2nLOHgzXzwFEpl62zAgCEC,IE,85.0
14.0,4yP0hdKOZPNshxUOjY0cZj,IE,91.0
7.0,4qZBW3f2Q8y0k1A84d4iAO,IE,86.0
18.0,2ODvWsOgouMbaA5xf0RkJe,IE,92.0
14.0,0P3oVJBFOv3TDXlYRhGL7s,IE,88.0
10.0,3hhDpPtCFuQbppwYgsVhMO,IE,65.0
30.0,2XGEyGU76kj55OdHWynX0S,IE,64.0
9.0,04hy4jb1GDD00otiwzsFUB,IE,62.0
9.0,6F87lH0I09qlrzvCCKc7lz,IE,63.0
9.0,7zCODUHkfuRxsUjtuzNqbd,IE,79.0
31.0,1OARrXe5sB0gyy3MhQ8h92,IL,70.0
22.0,4M2Mf4pmARKGVT9MLCe3HA,IL,64.0
24.0,12INlMsFtBjyehNnawBv36,IL,64.0
16.0,2nLOHgzXzwFEpl62zAgCEC,IL,85.0
14.0,4yP0hdKOZPNshxUOjY0cZj,IL,91.0
7.0,4qZBW3f2Q8y0k1A84d4iAO,IL,86.0
18.0,2ODvWsOgouMbaA5xf0RkJe,IL,92.0
14.0,0P3oVJBFOv3TDXlYRhGL7s,IL,88.0
10.0,3hhDpPtCFuQbppwYgsVhMO,IL,65.0
30.0,2XGEyGU76kj55OdHWynX0S,IL,64.0
9.0,04hy4jb1GDD00otiwzsFUB,IL,62.0
9.0,6F87lH0I09qlrzvCCKc7lz,IL,63.0
9.0,7zCODUHkfuRxsUjtuzNqbd,IL,79.0
31.0,1OARrXe5sB0gyy3MhQ8h92,IN,70.0
22.0,4M2Mf4pmARKGVT9MLCe3HA,IN,64.0
24.0,12INlMsFtBjyehNnawBv36,IN,64.0
16.0,2nLOHgzXzwFEpl62zAgCEC,IN,85.0
14.0,4yP0hdKOZPNshxUOjY0cZj,IN,91.0
7.0,4qZBW3f2Q8y0k1A84d4iAO,IN,86.0
18.0,2ODvWsOgouMbaA5xf0RkJe,IN,92.0
14.0,0P3oVJBFOv3TDXlYRhGL7s,IN,88.0
10.0,3hhDpPtCFuQbppwYgsVhMO,IN,65.0
30.0,2XGEyGU76kj55OdHWynX0S,IN,64.0
9.0,04hy4jb1GDD00otiwzsFUB,IN,62.0
9.0,6F87lH0I09qlrzvCCKc7lz,IN,63.0
9.0,7zCODUHkfuRxsUjtuzNqbd,IN,79.0
31.0,1OARrXe5sB0gyy3MhQ8h92,IQ,70.0
22.0,4M2Mf4pmARKGVT9MLCe3HA,IQ,64.0
24.0,12INlMsFtBjyehNnawBv36,IQ,64.0
16.0,2nLOHgzXzwFEpl62zAgCEC,IQ,85.0
14.0,4yP0hdKOZPNshxUOjY0cZj,IQ,91.0
7.0,4qZBW3f2Q8y0k1A84d4iAO,IQ,86.0
18.0,2ODvWsOgouMbaA5xf0RkJe,IQ,92.0
14.0,0P3oVJBFOv3TDXlYRhGL7s,IQ,88.0
10.0,3hhDpPtCFuQbppwYgsVhMO,IQ,65.0
30.0,2XGEyGU76kj55OdHWynX0S,IQ,64.0
9.0,04hy4jb1GDD00otiwzsFUB,IQ,62.0
9.0,6F87lH0I09qlrzvCCKc7lz,IQ,63.0
9.0,7zCODUHkfuRxsUjtuzNqbd,IQ,79.0
31.0,1OARrXe5sB0gyy3MhQ8h92,IS,70.0
22.0,4M2Mf4pmARKGVT9MLCe3HA,IS,64.0
24.0,12INlMsFtBjyehNnawBv36,IS,64.0
16.0,2nLOHgzXzwFEpl62zAgCEC,IS,85.0
14.0,4yP0hdKOZPNshxUOjY0cZj,IS,91.0
7.0,4qZBW3f2Q8y0k1A84d4iAO,IS,86.0
18.0,2ODvWsOgouMbaA5xf0RkJe,IS,92.0
14.0,0P3oVJBFOv3TDXlYRhGL7s,IS,88.0
10.0,3hhDpPtCFuQbppwYgsVhMO,IS,65.0
30.0,2XGEyGU76kj55OdHWynX0S,IS,64.0
9.0,04hy4jb1GDD00otiwzsFUB,IS,62.0
9.0,6F87lH0I09qlrzvCCKc7lz,IS,63.0
9.0,7zCODUHkfuRxsUjtuzNqbd,IS,79.0
31.0,1OARrXe5sB0gyy3MhQ8h92,IT,70.0
22.0,4M2Mf4pmARKGVT9MLCe3HA,IT,64.0
24.0,12INlMsFtBjyehNnawBv36,IT,64.0
16.0,2nLOHgzXzwFEpl62zAgCEC,IT,85.0
14.0,4yP0hdKOZPNshxUOjY0cZj,IT,91.0
7.0,4qZBW3f2Q8y0k1A84d4iAO,IT,86.0
18.0,2ODvWsOgouMbaA5xf0RkJe,IT,92.0
14.0,0P3oVJBFOv3TDXlYRhGL7s,IT,88.0
10.0,3hhDpPtCFuQbppwYgsVhMO,IT,65.0
30.0,2XGEyGU76kj55OdHWynX0S,IT,64.0
9.0,04hy4jb1GDD00otiwzsFUB,IT,62.0
9.0,6F87lH0I09qlrzvCCKc7lz,IT,63.0
9.0,7zCODUHkfuRxsUjtuzNqbd,IT,79.0
31.0,1OARrXe5sB0gyy3MhQ8h92,JM,70.0
22.0,4M2Mf4pmARKGVT9MLCe3HA,JM,64.0
24.0,12INlMsFtBjyehNnawBv36,JM,64.0
16.0,2nLOHgzXzwFEpl62zAgCEC,JM,85.0
14.0,4yP0hdKOZPNshxUOjY0cZj,JM,91.0
7.0,4qZBW3f2Q8y0k1A84d4iAO,JM,86.0
18.0,2ODvWsOgouMbaA5xf0RkJe,JM,92.0
14.0,0P3oVJBFOv3TDXlYRhGL7s,JM,88.0
10.0,3hhDpPtCFuQbppwYgsVhMO,JM,65.0
30.0,2XGEyGU76kj55OdHWynX0S,JM,64.0
9.0,04hy4jb1GDD00otiwzsFUB,JM,62.0
9.0,6F87lH0I09qlrzvCCKc7lz,JM,63.0
9.0,7zCODUHkfuRxsUjtuzNqbd,JM,79.0
31.0,1OARrXe5sB0gyy3MhQ8h92,JO,70.0
22.0,4M2Mf4pmARKGVT9MLCe3HA,JO,64.0
24.0,12INlMsFtBjyehNnawBv36,JO,64.0
16.0,2nLOHgzXzwFEpl62zAgCEC,JO,85.0
14.0,4yP0hdKOZPNshxUOjY0cZj,JO,91.0
7.0,4qZBW3f2Q8y0k1A84d4iAO,JO,86.0
18.0,2ODvWsOgouMbaA5xf0RkJe,JO,92.0
14.0,0P3oVJBFOv3TDXlYRhGL7s,JO,88.0
10.0,3hhDpPtCFuQbppwYgsVhMO,JO,65.0
30.0,2XGEyGU76kj55OdHWynX0S,JO,64.0
9.0,04hy4jb1GDD00otiwzsFUB,JO,62.0
9.0,6F87lH0I09qlrzvCCKc7lz,JO,63.0
9.0,7zCODUHkfuRxsUjtuzNqbd,JO,79.0
31.0,1OARrXe5sB0gyy3MhQ8h92,JP,70.0
22.0,4M2Mf4pmARKGVT9MLCe3HA,JP,64.0
24.0,12INlMsFtBjyehNnawBv36,JP,64.0
16.0,2nLOHgzXzwFEpl62zAgCEC,JP,85.0
14.0,4yP0hdKOZPNshxUOjY0cZj,JP,91.0
7.0,4qZBW3f2Q8y0k1A84d4iAO,JP,86.0
18.0,2ODvWsOgouMbaA5xf0RkJe,JP,92.0
14.0,0P3oVJBFOv3TDXlYRhGL7s,JP,88.0
10.0,3hhDpPtCFuQbppwYgsVhMO,JP,65.0
30.0,2XGEyGU76kj55OdHWynX0S,JP,64.0
9.0,04hy4jb1GDD00otiwzsFUB,JP,62.0
9.0,6F87lH0I09qlrzvCCKc7lz,JP,63.0
9.0,7zCODUHkfuRxsUjtuzNqbd,JP,79.0
31.0,1OARrXe5sB0gyy3MhQ8h92,KE,70.0
22.0,4M2Mf4pmARKGVT9MLCe3HA,KE,64.0
24.0,12INlMsFtBjyehNnawBv36,KE,64.0
16.0,2nLOHgzXzwFEpl62zAgCEC,KE,85.0
14.0,4yP0hdKOZPNshxUOjY0cZj,KE,91.0
7.0,4qZBW3f2Q8y0k1A84d4iAO,KE,86.0
18.0,2ODvWsOgouMbaA5xf0RkJe,KE,92.0
14.0,0P3oVJBFOv3TDXlYRhGL7s,KE,88.0
10.0,3hhDpPtCFuQbppwYgsVhMO,KE,65.0
30.0,2XGEyGU76kj55OdHWynX0S,KE,64.0
9.0,04hy4jb1GDD00otiwzsFUB,KE,62.0
9.0,6F87lH0I09qlrzvCCKc7lz,KE,63.0
9.0,7zCODUHkfuRxsUjtuzNqbd,KE,79.0
31.0,1OARrXe5sB0gyy3MhQ8h92,KG,70.0
22.0,4M2Mf4pmARKGVT9MLCe3HA,KG,64.0
24.0,12INlMsFtBjyehNnawBv36,KG,64.0
16.0,2nLOHgzXzwFEpl62zAgCEC,KG,85.0
14.0,4yP0hdKOZPNshxUOjY0cZj,KG,91.0
7.0,4qZBW3f2Q8y0k1A84d4iAO,KG,86.0
18.0,2ODvWsOgouMbaA5xf0RkJe,KG,92.0
14.0,0P3oVJBFOv3TDXlYRhGL7s,KG,88.0
10.0,3hhDpPtCFuQbppwYgsVhMO,KG,65.0
30.0,2XGEyGU76kj55OdHWynX0S,KG,64.0
9.0,04hy4jb1GDD00otiwzsFUB,KG,62.0
9.0,6F87lH0I09qlrzvCCKc7lz,KG,63.0
9.0,7zCODUHkfuRxsUjtuzNqbd,KG,79.0
31.0,1OARrXe5sB0gyy3MhQ8h92,KH,70.0
22.0,4M2Mf4pmARKGVT9MLCe3HA,KH,64.0
24.0,12INlMsFtBjyehNnawBv36,KH,64.0
16.0,2nLOHgzXzwFEpl62zAgCEC,KH,85.0
14.0,4yP0hdKOZPNshxUOjY0cZj,KH,91.0
7.0,4qZBW3f2Q8y0k1A84d4iAO,KH,86.0
18.0,2ODvWsOgouMbaA5xf0RkJe,KH,92.0
14.0,0P3oVJBFOv3TDXlYRhGL7s,KH,88.0
10.0,3hhDpPtCFuQbppwYgsVhMO,KH,65.0
30.0,2XGEyGU76kj55OdHWynX0S,KH,64.0
9.0,04hy4jb1GDD00otiwzsFUB,KH,62.0
9.0,6F87lH0I09qlrzvCCKc7lz,KH,63.0
9.0,7zCODUHkfuRxsUjtuzNqbd,KH,79.0
31.0,1OARrXe5sB0gyy3MhQ8h92,KI,70.0
22.0,4M2Mf4pmARKGVT9MLCe3HA,KI,64.0
24.0,12INlMsFtBjyehNnawBv36,KI,64.0
16.0,2nLOHgzXzwFEpl62zAgCEC,KI,85.0
14.0,4yP0hdKOZPNshxUOjY0cZj,KI,91.0
7.0,4qZBW3f2Q8y0k1A84d4iAO,KI,86.0
18.0,2ODvWsOgouMbaA5xf0RkJe,KI,92.0
14.0,0P3oVJBFOv3TDXlYRhGL7s,KI,88.0
10.0,3hhDpPtCFuQbppwYgsVhMO,KI,65.0
30.0,2XGEyGU76kj55OdHWynX0S,KI,64.0
9.0,04hy4jb1GDD00otiwzsFUB,KI,62.0
9.0,6F87lH0I09qlrzvCCKc7lz,KI,63.0
9.0,7zCODUHkfuRxsUjtuzNqbd,KI,79.0
31.0,1OARrXe5sB0gyy3MhQ8h92,KM,70.0
22.0,4M2Mf4pmARKGVT9MLCe3HA,KM,64.0
24.0,12INlMsFtBjyehNnawBv36,KM,64.0
16.0,2nLOHgzXzwFEpl62zAgCEC,KM,85.0
14.0,4yP0hdKOZPNshxUOjY0cZj,KM,91.0
7.0,4qZBW3f2Q8y0k1A84d4iAO,KM,86.0
18.0,2ODvWsOgouMbaA5xf0RkJe,KM,92.0
14.0,0P3oVJBFOv3TDXlYRhGL7s,KM,88.0
10.0,3hhDpPtCFuQbppwYgsVhMO,KM,65.0
30.0,2XGEyGU76kj55OdHWynX0S,KM,64.0
9.0,04hy4jb1GDD00otiwzsFUB,KM,62.0
9.0,6F87lH0I09qlrzvCCKc7lz,KM,63.0
,7zCODUHkfuRxsUjtuzNqbd,KM,
31.0,1OARrXe5sB0gyy3MhQ8h92,KN,70.0
22.0,4M2Mf4pmARKGVT9MLCe3HA,KN,64.0
24.0,12INlMsFtBjyehNnawBv36,KN,64.0
16.0,2nLOHgzXzwFEpl62zAgCEC,KN,85.0
14.0,4yP0hdKOZPNshxUOjY0cZj,KN,91.0
7.0,4qZBW3f2Q8y0k1A84d4iAO,KN,86.0
18.0,2ODvWsOgouMbaA5xf0RkJe,KN,92.0
14.0,0P3oVJBFOv3TDXlYRhGL7s,KN,88.0
10.0,3hhDpPtCFuQbppwYgsVhMO,KN,65.0
30.0,2XGEyGU76kj55OdHWynX0S,KN,64.0
9.0,04hy4jb1GDD00otiwzsFUB,KN,62.0
9.0,6F87lH0I09qlrzvCCKc7lz,KN,63.0
9.0,7zCODUHkfuRxsUjtuzNqbd,KN,79.0
31.0,1OARrXe5sB0gyy3MhQ8h92,KR,70.0
22.0,4M2Mf4pmARKGVT9MLCe3HA,KR,64.0
24.0,12INlMsFtBjyehNnawBv36,KR,64.0
16.0,2nLOHgzXzwFEpl62zAgCEC,KR,85.0
14.0,4yP0hdKOZPNshxUOjY0cZj,KR,91.0
7.0,4qZBW3f2Q8y0k1A84d4iAO,KR,86.0
18.0,2ODvWsOgouMbaA5xf0RkJe,KR,92.0
14.0,0P3oVJBFOv3TDXlYRhGL7s,KR,88.0
10.0,3hhDpPtCFuQbppwYgsVhMO,KR,65.0
30.0,2XGEyGU76kj55OdHWynX0S,KR,64.0
9.0,04hy4jb1GDD00otiwzsFUB,KR,62.0
9.0,6F87lH0I09qlrzvCCKc7lz,KR,63.0
9.0,7zCODUHkfuRxsUjtuzNqbd,KR,79.0
31.0,1OARrXe5sB0gyy3MhQ8h92,KW,70.0
22.0,4M2Mf4pmARKGVT9MLCe3HA,KW,64.0
24.0,12INlMsFtBjyehNnawBv36,KW,64.0
16.0,2nLOHgzXzwFEpl62zAgCEC,KW,85.0
14.0,4yP0hdKOZPNshxUOjY0cZj,KW,91.0
7.0,4qZBW3f2Q8y0k1A84d4iAO,KW,86.0
18.0,2ODvWsOgouMbaA5xf0RkJe,KW,92.0
14.0,0P3oVJBFOv3TDXlYRhGL7s,KW,88.0
10.0,3hhDpPtCFuQbppwYgsVhMO,KW,65.0
30.0,2XGEyGU76kj55OdHWynX0S,KW,64.0
9.0,04hy4jb1GDD00otiwzsFUB,KW,62.0
9.0,6F87lH0I09qlrzvCCKc7lz,KW,63.0
9.0,7zCODUHkfuRxsUjtuzNqbd,KW,79.0
31.0,1OARrXe5sB0gyy3MhQ8h92,KZ,70.0
22.0,4M2Mf4pmARKGVT9MLCe3HA,KZ,64.0
24.0,12INlMsFtBjyehNnawBv36,KZ,64.0
16.0,2nLOHgzXzwFEpl62zAgCEC,KZ,85.0
14.0,4yP0hdKOZPNshxUOjY0cZj,KZ,91.0
7.0,4qZBW3f2Q8y0k1A84d4iAO,KZ,86.0
18.0,2ODvWsOgouMbaA5xf0RkJe,KZ,92.0
14.0,0P3oVJBFOv3TDXlYRhGL7s,KZ,88.0
10.0,3hhDpPtCFuQbppwYgsVhMO,KZ,65.0
30.0,2XGEyGU76kj55OdHWynX0S,KZ,64.0
9.0,04hy4jb1GDD00otiwzsFUB,KZ,62.0
9.0,6F87lH0I09qlrzvCCKc7lz,KZ,63.0
9.0,7zCODUHkfuRxsUjtuzNqbd,KZ,79.0
31.0,1OARrXe5sB0gyy3MhQ8h92,LA,70.0
22.0,4M2Mf4pmARKGVT9MLCe3HA,LA,64.0
24.0,12INlMsFtBjyehNnawBv36,LA,64.0
16.0,2nLOHgzXzwFEpl62zAgCEC,LA,85.0
14.0,4yP0hdKOZPNshxUOjY0cZj,LA,91.0
7.0,4qZBW3f2Q8y0k1A84d4iAO,LA,86.0
18.0,2ODvWsOgouMbaA5xf0RkJe,LA,92.0
14.0,0P3oVJBFOv3TDXlYRhGL7s,LA,88.0
10.0,3hhDpPtCFuQbppwYgsVhMO,LA,65.0
30.0,2XGEyGU76kj55OdHWynX0S,LA,64.0
9.0,04hy4jb1GDD00otiwzsFUB,LA,62.0
9.0,6F87lH0I09qlrzvCCKc7lz,LA,63.0
9.0,7zCODUHkfuRxsUjtuzNqbd,LA,79.0
31.0,1OARrXe5sB0gyy3MhQ8h92,LB,70.0
22.0,4M2Mf4pmARKGVT9MLCe3HA,LB,64.0
24.0,12INlMsFtBjyehNnawBv36,LB,64.0
16.0,2nLOHgzXzwFEpl62zAgCEC,LB,85.0
14.0,4yP0hdKOZPNshxUOjY0cZj,LB,91.0
7.0,4qZBW3f2Q8y0k1A84d4iAO,LB,86.0
18.0,2ODvWsOgouMbaA5xf0RkJe,LB,92.0
14.0,0P3oVJBFOv3TDXlYRhGL7s,LB,88.0
10.0,3hhDpPtCFuQbppwYgsVhMO,LB,65.0
30.0,2XGEyGU76kj55OdHWynX0S,LB,64.0
9.0,04hy4jb1GDD00otiwzsFUB,LB,62.0
9.0,6F87lH0I09qlrzvCCKc7lz,LB,63.0
9.0,7zCODUHkfuRxsUjtuzNqbd,LB,79.0
31.0,1OARrXe5sB0gyy3MhQ8h92,LC,70.0
22.0,4M2Mf4pmARKGVT9MLCe3HA,LC,64.0
24.0,12INlMsFtBjyehNnawBv36,LC,64.0
16.0,2nLOHgzXzwFEpl62zAgCEC,LC,85.0
14.0,4yP0hdKOZPNshxUOjY0cZj,LC,91.0
7.0,4qZBW3f2Q8y0k1A84d4iAO,LC,86.0
18.0,2ODvWsOgouMbaA5xf0RkJe,LC,92.0
14.0,0P3oVJBFOv3TDXlYRhGL7s,LC,88.0
10.0,3hhDpPtCFuQbppwYgsVhMO,LC,65.0
30.0,2XGEyGU76kj55OdHWynX0S,LC,64.0
9.0,04hy4jb1GDD00otiwzsFUB,LC,62.0
9.0,6F87lH0I09qlrzvCCKc7lz,LC,63.0
9.0,7zCODUHkfuRxsUjtuzNqbd,LC,79.0
31.0,1OARrXe5sB0gyy3MhQ8h92,LI,70.0
22.0,4M2Mf4pmARKGVT9MLCe3HA,LI,64.0
24.0,12INlMsFtBjyehNnawBv36,LI,64.0
16.0,2nLOHgzXzwFEpl62zAgCEC,LI,85.0
14.0,4yP0hdKOZPNshxUOjY0cZj,LI,91.0
7.0,4qZBW3f2Q8y0k1A84d4iAO,LI,86.0
18.0,2ODvWsOgouMbaA5xf0RkJe,LI,92.0
14.0,0P3oVJBFOv3TDXlYRhGL7s,LI,88.0
10.0,3hhDpPtCFuQbppwYgsVhMO,LI,65.0
30.0,2XGEyGU76kj55OdHWynX0S,LI,64.0
9.0,04hy4jb1GDD00otiwzsFUB,LI,62.0
9.0,6F87lH0I09qlrzvCCKc7lz,LI,63.0
9.0,7zCODUHkfuRxsUjtuzNqbd,LI,79.0
31.0,1OARrXe5sB0gyy3MhQ8h92,LK,70.0
22.0,4M2Mf4pmARKGVT9MLCe3HA,LK,64.0
24.0,12INlMsFtBjyehNnawBv36,LK,64.0
16.0,2nLOHgzXzwFEpl62zAgCEC,LK,85.0
14.0,4yP0hdKOZPNshxUOjY0cZj,LK,91.0
7.0,4qZBW3f2Q8y0k1A84d4iAO,LK,86.0
18.0,2ODvWsOgouMbaA5xf0RkJe,LK,92.0
14.0,0P3oVJBFOv3TDXlYRhGL7s,LK,88.0
10.0,3hhDpPtCFuQbppwYgsVhMO,LK,65.0
30.0,2XGEyGU76kj55OdHWynX0S,LK,64.0
9.0,04hy4jb1GDD00otiwzsFUB,LK,62.0
9.0,6F87lH0I09qlrzvCCKc7lz,LK,63.0
9.0,7zCODUHkfuRxsUjtuzNqbd,LK,79.0
31.0,1OARrXe5sB0gyy3MhQ8h92,LR,70.0
22.0,4M2Mf4pmARKGVT9MLCe3HA,LR,64.0
24.0,12INlMsFtBjyehNnawBv36,LR,64.0
16.0,2nLOHgzXzwFEpl62zAgCEC,LR,85.0
14.0,4yP0hdKOZPNshxUOjY0cZj,LR,91.0
7.0,4qZBW3f2Q8y0k1A84d4iAO,LR,86.0
18.0,2ODvWsOgouMbaA5xf0RkJe,LR,92.0
14.0,0P3oVJBFOv3TDXlYRhGL7s,LR,88.0
10.0,3hhDpPtCFuQbppwYgsVhMO,LR,65.0
30.0,2XGEyGU76kj55OdHWynX0S,LR,64.0
9.0,04hy4jb1GDD00otiwzsFUB,LR,62.0
9.0,6F87lH0I09qlrzvCCKc7lz,LR,63.0
9.0,7zCODUHkfuRxsUjtuzNqbd,LR,79.0
31.0,1OARrXe5sB0gyy3MhQ8h92,LS,70.0
22.0,4M2Mf4pmARKGVT9MLCe3HA,LS,64.0
24.0,12INlMsFtBjyehNnawBv36,LS,64.0
16.0,2nLOHgzXzwFEpl62zAgCEC,LS,85.0
14.0,4yP0hdKOZPNshxUOjY0cZj,LS,91.0
7.0,4qZBW3f2Q8y0k1A84d4iAO,LS,86.0
18.0,2ODvWsOgouMbaA5xf0RkJe,LS,92.0
14.0,0P3oVJBFOv3TDXlYRhGL7s,LS,88.0
10.0,3hhDpPtCFuQbppwYgsVhMO,LS,65.0
30.0,2XGEyGU76kj55OdHWynX0S,LS,64.0
9.0,04hy4jb1GDD00otiwzsFUB,LS,62.0
9.0,6F87lH0I09qlrzvCCKc7lz,LS,63.0
9.0,7zCODUHkfuRxsUjtuzNqbd,LS,79.0
31.0,1OARrXe5sB0gyy3MhQ8h92,LT,70.0
22.0,4M2Mf4pmARKGVT9MLCe3HA,LT,64.0
24.0,12INlMsFtBjyehNnawBv36,LT,64.0
16.0,2nLOHgzXzwFEpl62zAgCEC,LT,85.0
14.0,4yP0hdKOZPNshxUOjY0cZj,LT,91.0
7.0,4qZBW3f2Q8y0k1A84d4iAO,LT,86.0
18.0,2ODvWsOgouMbaA5xf0RkJe,LT,92.0
14.0,0P3oVJBFOv3TDXlYRhGL7s,LT,88.0
10.0,3hhDpPtCFuQbppwYgsVhMO,LT,65.0
30.0,2XGEyGU76kj55OdHWynX0S,LT,64.0
9.0,04hy4jb1GDD00otiwzsFUB,LT,62.0
9.0,6F87lH0I09qlrzvCCKc7lz,LT,63.0
9.0,7zCODUHkfuRxsUjtuzNqbd,LT,79.0
31.0,1OARrXe5sB0gyy3MhQ8h92,LU,70.0
22.0,4M2Mf4pmARKGVT9MLCe3HA,LU,64.0
24.0,12INlMsFtBjyehNnawBv36,LU,64.0
16.0,2nLOHgzXzwFEpl62zAgCEC,LU,85.0
14.0,4yP0hdKOZPNshxUOjY0cZj,LU,91.0
7.0,4qZBW3f2Q8y0k1A84d4iAO,LU,86.0
18.0,2ODvWsOgouMbaA5xf0RkJe,LU,92.0
14.0,0P3oVJBFOv3TDXlYRhGL7s,LU,88.0
10.0,3hhDpPtCFuQbppwYgsVhMO,LU,65.0
30.0,2XGEyGU76kj55OdHWynX0S,LU,64.0
9.0,04hy4jb1GDD00otiwzsFUB,LU,62.0
9.0,6F87lH0I09qlrzvCCKc7lz,LU,63.0
9.0,7zCODUHkfuRxsUjtuzNqbd,LU,79.0
31.0,1OARrXe5sB0gyy3MhQ8h92,LV,70.0
22.0,4M2Mf4pmARKGVT9MLCe3HA,LV,64.0
24.0,12INlMsFtBjyehNnawBv36,LV,64.0
16.0,2nLOHgzXzwFEpl62zAgCEC,LV,85.0
14.0,4yP0hdKOZPNshxUOjY0cZj,LV,91.0
7.0,4qZBW3f2Q8y0k1A84d4iAO,LV,86.0
18.0,2ODvWsOgouMbaA5xf0RkJe,LV,92.0
14.0,0P3oVJBFOv3TDXlYRhGL7s,LV,88.0
10.0,3hhDpPtCFuQbppwYgsVhMO,LV,65.0
30.0,2XGEyGU76kj55OdHWynX0S,LV,64.0
9.0,04hy4jb1GDD00otiwzsFUB,LV,62.0
9.0,6F87lH0I09qlrzvCCKc7lz,LV,63.0
9.0,7zCODUHkfuRxsUjtuzNqbd,LV,79.0
31.0,1OARrXe5sB0gyy3MhQ8h92,LY,70.0
22.0,4M2Mf4pmARKGVT9MLCe3HA,LY,64.0
24.0,12INlMsFtBjyehNnawBv36,LY,64.0
16.0,2nLOHgzXzwFEpl62zAgCEC,LY,85.0
14.0,4yP0hdKOZPNshxUOjY0cZj,LY,91.0
7.0,4qZBW3f2Q8y0k1A84d4iAO,LY,86.0
18.0,2ODvWsOgouMbaA5xf0RkJe,LY,92.0
14.0,0P3oVJBFOv3TDXlYRhGL7s,LY,88.0
10.0,3hhDpPtCFuQbppwYgsVhMO,LY,65.0
30.0,2XGEyGU76kj55OdHWynX0S,LY,64.0
9.0,04hy4jb1GDD00otiwzsFUB,LY,62.0
9.0,6F87lH0I09qlrzvCCKc7lz,LY,63.0
9.0,7zCODUHkfuRxsUjtuzNqbd,LY,79.0
31.0,1OARrXe5sB0gyy3MhQ8h92,MA,70.0
22.0,4M2Mf4pmARKGVT9MLCe3HA,MA,64.0
24.0,12INlMsFtBjyehNnawBv36,MA,64.0
16.0,2nLOHgzXzwFEpl62zAgCEC,MA,85.0
14.0,4yP0hdKOZPNshxUOjY0cZj,MA,91.0
7.0,4qZBW3f2Q8y0k1A84d4iAO,MA,86.0
18.0,2ODvWsOgouMbaA5xf0RkJe,MA,92.0
14.0,0P3oVJBFOv3TDXlYRhGL7s,MA,88.0
10.0,3hhDpPtCFuQbppwYgsVhMO,MA,65.0
30.0,2XGEyGU76kj55OdHWynX0S,MA,64.0
9.0,04hy4jb1GDD00otiwzsFUB,MA,62.0
9.0,6F87lH0I09qlrzvCCKc7lz,MA,63.0
9.0,7zCODUHkfuRxsUjtuzNqbd,MA,79.0
31.0,1OARrXe5sB0gyy3MhQ8h92,MC,70.0
22.0,4M2Mf4pmARKGVT9MLCe3HA,MC,64.0
24.0,12INlMsFtBjyehNnawBv36,MC,64.0
16.0,2nLOHgzXzwFEpl62zAgCEC,MC,85.0
14.0,4yP0hdKOZPNshxUOjY0cZj,MC,91.0
7.0,4qZBW3f2Q8y0k1A84d4iAO,MC,86.0
18.0,2ODvWsOgouMbaA5xf0RkJe,MC,92.0
14.0,0P3oVJBFOv3TDXlYRhGL7s,MC,88.0
10.0,3hhDpPtCFuQbppwYgsVhMO,MC,65.0
30.0,2XGEyGU76kj55OdHWynX0S,MC,64.0
9.0,04hy4jb1GDD00otiwzsFUB,MC,62.0
9.0,6F87lH0I09qlrzvCCKc7lz,MC,63.0
9.0,7zCODUHkfuRxsUjtuzNqbd,MC,79.0
31.0,1OARrXe5sB0gyy3MhQ8h92,MD,70.0
22.0,4M2Mf4pmARKGVT9MLCe3HA,MD,64.0
24.0,12INlMsFtBjyehNnawBv36,MD,64.0
16.0,2nLOHgzXzwFEpl62zAgCEC,MD,85.0
14.0,4yP0hdKOZPNshxUOjY0cZj,MD,91.0
7.0,4qZBW3f2Q8y0k1A84d4iAO,MD,86.0
18.0,2ODvWsOgouMbaA5xf0RkJe,MD,92.0
14.0,0P3oVJBFOv3TDXlYRhGL7s,MD,88.0
10.0,3hhDpPtCFuQbppwYgsVhMO,MD,65.0
30.0,2XGEyGU76kj55OdHWynX0S,MD,64.0
9.0,04hy4jb1GDD00otiwzsFUB,MD,62.0
9.0,6F87lH0I09qlrzvCCKc7lz,MD,63.0
9.0,7zCODUHkfuRxsUjtuzNqbd,MD,79.0
31.0,1OARrXe5sB0gyy3MhQ8h92,ME,70.0
22.0,4M2Mf4pmARKGVT9MLCe3HA,ME,64.0
24.0,12INlMsFtBjyehNnawBv36,ME,64.0
16.0,2nLOHgzXzwFEpl62zAgCEC,ME,85.0
14.0,4yP0hdKOZPNshxUOjY0cZj,ME,91.0
7.0,4qZBW3f2Q8y0k1A84d4iAO,ME,86.0
18.0,2ODvWsOgouMbaA5xf0RkJe,ME,92.0
14.0,0P3oVJBFOv3TDXlYRhGL7s,ME,88.0
10.0,3hhDpPtCFuQbppwYgsVhMO,ME,65.0
30.0,2XGEyGU76kj55OdHWynX0S,ME,64.0
9.0,04hy4jb1GDD00otiwzsFUB,ME,62.0
9.0,6F87lH0I09qlrzvCCKc7lz,ME,63.0
9.0,7zCODUHkfuRxsUjtuzNqbd,ME,79.0
31.0,1OARrXe5sB0gyy3MhQ8h92,MG,70.0
22.0,4M2Mf4pmARKGVT9MLCe3HA,MG,64.0
24.0,12INlMsFtBjyehNnawBv36,MG,64.0
16.0,2nLOHgzXzwFEpl62zAgCEC,MG,85.0
14.0,4yP0hdKOZPNshxUOjY0cZj,MG,91.0
7.0,4qZBW3f2Q8y0k1A84d4iAO,MG,86.0
18.0,2ODvWsOgouMbaA5xf0RkJe,MG,92.0
14.0,0P3oVJBFOv3TDXlYRhGL7s,MG,88.0
10.0,3hhDpPtCFuQbppwYgsVhMO,MG,65.0
30.0,2XGEyGU76kj55OdHWynX0S,MG,64.0
9.0,04hy4jb1GDD00otiwzsFUB,MG,62.0
9.0,6F87lH0I09qlrzvCCKc7lz,MG,63.0
9.0,7zCODUHkfuRxsUjtuzNqbd,MG,79.0
31.0,1OARrXe5sB0gyy3MhQ8h92,MH,70.0
22.0,4M2Mf4pmARKGVT9MLCe3HA,MH,64.0
24.0,12INlMsFtBjyehNnawBv36,MH,64.0
16.0,2nLOHgzXzwFEpl62zAgCEC,MH,85.0
14.0,4yP0hdKOZPNshxUOjY0cZj,MH,91.0
7.0,4qZBW3f2Q8y0k1A84d4iAO,MH,86.0
18.0,2ODvWsOgouMbaA5xf0RkJe,MH,92.0
14.0,0P3oVJBFOv3TDXlYRhGL7s,MH,88.0
10.0,3hhDpPtCFuQbppwYgsVhMO,MH,65.0
30.0,2XGEyGU76kj55OdHWynX0S,MH,64.0
9.0,04hy4jb1GDD00otiwzsFUB,MH,62.0
9.0,6F87lH0I09qlrzvCCKc7lz,MH,63.0
9.0,7zCODUHkfuRxsUjtuzNqbd,MH,79.0
31.0,1OARrXe5sB0gyy3MhQ8h92,MK,70.0
22.0,4M2Mf4pmARKGVT9MLCe3HA,MK,64.0
24.0,12INlMsFtBjyehNnawBv36,MK,64.0
16.0,2nLOHgzXzwFEpl62zAgCEC,MK,85.0
14.0,4yP0hdKOZPNshxUOjY0cZj,MK,91.0
7.0,4qZBW3f2Q8y0k1A84d4iAO,MK,86.0
18.0,2ODvWsOgouMbaA5xf0RkJe,MK,92.0
14.0,0P3oVJBFOv3TDXlYRhGL7s,MK,88.0
10.0,3hhDpPtCFuQbppwYgsVhMO,MK,65.0
30.0,2XGEyGU76kj55OdHWynX0S,MK,64.0
9.0,04hy4jb1GDD00otiwzsFUB,MK,62.0
9.0,6F87lH0I09qlrzvCCKc7lz,MK,63.0
9.0,7zCODUHkfuRxsUjtuzNqbd,MK,79.0
31.0,1OARrXe5sB0gyy3MhQ8h92,ML,70.0
22.0,4M2Mf4pmARKGVT9MLCe3HA,ML,64.0
24.0,12INlMsFtBjyehNnawBv36,ML,64.0
16.0,2nLOHgzXzwFEpl62zAgCEC,ML,85.0
14.0,4yP0hdKOZPNshxUOjY0cZj,ML,91.0
7.0,4qZBW3f2Q8y0k1A84d4iAO,ML,86.0
18.0,2ODvWsOgouMbaA5xf0RkJe,ML,92.0
14.0,0P3oVJBFOv3TDXlYRhGL7s,ML,88.0
10.0,3hhDpPtCFuQbppwYgsVhMO,ML,65.0
30.0,2XGEyGU76kj55OdHWynX0S,ML,64.0
9.0,04hy4jb1GDD00otiwzsFUB,ML,62.0
9.0,6F87lH0I09qlrzvCCKc7lz,ML,63.0
9.0,7zCODUHkfuRxsUjtuzNqbd,ML,79.0
31.0,1OARrXe5sB0gyy3MhQ8h92,MN,70.0
22.0,4M2Mf4pmARKGVT9MLCe3HA,MN,64.0
24.0,12INlMsFtBjyehNnawBv36,MN,64.0
16.0,2nLOHgzXzwFEpl62zAgCEC,MN,85.0
14.0,4yP0hdKOZPNshxUOjY0cZj,MN,91.0
7.0,4qZBW3f2Q8y0k1A84d4iAO,MN,86.0
18.0,2ODvWsOgouMbaA5xf0RkJe,MN,92.0
14.0,0P3oVJBFOv3TDXlYRhGL7s,MN,88.0
10.0,3hhDpPtCFuQbppwYgsVhMO,MN,65.0
30.0,2XGEyGU76kj55OdHWynX0S,MN,64.0
9.0,04hy4jb1GDD00otiwzsFUB,MN,62.0
9.0,6F87lH0I09qlrzvCCKc7lz,MN,63.0
9.0,7zCODUHkfuRxsUjtuzNqbd,MN,79.0
31.0,1OARrXe5sB0gyy3MhQ8h92,MO,70.0
22.0,4M2Mf4pmARKGVT9MLCe3HA,MO,64.0
24.0,12INlMsFtBjyehNnawBv36,MO,64.0
16.0,2nLOHgzXzwFEpl62zAgCEC,MO,85.0
14.0,4yP0hdKOZPNshxUOjY0cZj,MO,91.0
7.0,4qZBW3f2Q8y0k1A84d4iAO,MO,86.0
18.0,2ODvWsOgouMbaA5xf0RkJe,MO,92.0
14.0,0P3oVJBFOv3TDXlYRhGL7s,MO,88.0
10.0,3hhDpPtCFuQbppwYgsVhMO,MO,65.0
30.0,2XGEyGU76kj55OdHWynX0S,MO,64.0
9.0,04hy4jb1GDD00otiwzsFUB,MO,62.0
9.0,6F87lH0I09qlrzvCCKc7lz,MO,63.0
9.0,7zCODUHkfuRxsUjtuzNqbd,MO,79.0
31.0,1OARrXe5sB0gyy3MhQ8h92,MR,70.0
22.0,4M2Mf4pmARKGVT9MLCe3HA,MR,64.0
24.0,12INlMsFtBjyehNnawBv36,MR,64.0
16.0,2nLOHgzXzwFEpl62zAgCEC,MR,85.0
14.0,4yP0hdKOZPNshxUOjY0cZj,MR,91.0
7.0,4qZBW3f2Q8y0k1A84d4iAO,MR,86.0
18.0,2ODvWsOgouMbaA5xf0RkJe,MR,92.0
14.0,0P3oVJBFOv3TDXlYRhGL7s,MR,88.0
10.0,3hhDpPtCFuQbppwYgsVhMO,MR,65.0
30.0,2XGEyGU76kj55OdHWynX0S,MR,64.0
9.0,04hy4jb1GDD00otiwzsFUB,MR,62.0
9.0,6F87lH0I09qlrzvCCKc7lz,MR,63.0
9.0,7zCODUHkfuRxsUjtuzNqbd,MR,79.0
31.0,1OARrXe5sB0gyy3MhQ8h92,MT,70.0
22.0,4M2Mf4pmARKGVT9MLCe3HA,MT,64.0
24.0,12INlMsFtBjyehNnawBv36,MT,64.0
16.0,2nLOHgzXzwFEpl62zAgCEC,MT,85.0
14.0,4yP0hdKOZPNshxUOjY0cZj,MT,91.0
7.0,4qZBW3f2Q8y0k1A84d4iAO,MT,86.0
18.0,2ODvWsOgouMbaA5xf0RkJe,MT,92.0
14.0,0P3oVJBFOv3TDXlYRhGL7s,MT,88.0
10.0,3hhDpPtCFuQbppwYgsVhMO,MT,65.0
30.0,2XGEyGU76kj55OdHWynX0S,MT,64.0
9.0,04hy4jb1GDD00otiwzsFUB,MT,62.0
9.0,6F87lH0I09qlrzvCCKc7lz,MT,63.0
9.0,7zCODUHkfuRxsUjtuzNqbd,MT,79.0
31.0,1OARrXe5sB0gyy3MhQ8h92,MU,70.0
22.0,4M2Mf4pmARKGVT9MLCe3HA,MU,64.0
24.0,12INlMsFtBjyehNnawBv36,MU,64.0
16.0,2nLOHgzXzwFEpl62zAgCEC,MU,85.0
14.0,4yP0hdKOZPNshxUOjY0cZj,MU,91.0
7.0,4qZBW3f2Q8y0k1A84d4iAO,MU,86.0
18.0,2ODvWsOgouMbaA5xf0RkJe,MU,92.0
14.0,0P3oVJBFOv3TDXlYRhGL7s,MU,88.0
10.0,3hhDpPtCFuQbppwYgsVhMO,MU,65.0
30.0,2XGEyGU76kj55OdHWynX0S,MU,64.0
9.0,04hy4jb1GDD00otiwzsFUB,MU,62.0
9.0,6F87lH0I09qlrzvCCKc7lz,MU,63.0
9.0,7zCODUHkfuRxsUjtuzNqbd,MU,79.0
31.0,1OARrXe5sB0gyy3MhQ8h92,MV,70.0
22.0,4M2Mf4pmARKGVT9MLCe3HA,MV,64.0
24.0,12INlMsFtBjyehNnawBv36,MV,64.0
16.0,2nLOHgzXzwFEpl62zAgCEC,MV,85.0
14.0,4yP0hdKOZPNshxUOjY0cZj,MV,91.0
7.0,4qZBW3f2Q8y0k1A84d4iAO,MV,86.0
18.0,2ODvWsOgouMbaA5xf0RkJe,MV,92.0
14.0,0P3oVJBFOv3TDXlYRhGL7s,MV,88.0
10.0,3hhDpPtCFuQbppwYgsVhMO,MV,65.0
30.0,2XGEyGU76kj55OdHWynX0S,MV,64.0
9.0,04hy4jb1GDD00otiwzsFUB,MV,62.0
9.0,6F87lH0I09qlrzvCCKc7lz,MV,63.0
9.0,7zCODUHkfuRxsUjtuzNqbd,MV,79.0
31.0,1OARrXe5sB0gyy3MhQ8h92,MW,70.0
22.0,4M2Mf4pmARKGVT9MLCe3HA,MW,64.0
24.0,12INlMsFtBjyehNnawBv36,MW,64.0
16.0,2nLOHgzXzwFEpl62zAgCEC,MW,85.0
14.0,4yP0hdKOZPNshxUOjY0cZj,MW,91.0
7.0,4qZBW3f2Q8y0k1A84d4iAO,MW,86.0
18.0,2ODvWsOgouMbaA5xf0RkJe,MW,92.0
14.0,0P3oVJBFOv3TDXlYRhGL7s,MW,88.0
10.0,3hhDpPtCFuQbppwYgsVhMO,MW,65.0
30.0,2XGEyGU76kj55OdHWynX0S,MW,64.0
9.0,04hy4jb1GDD00otiwzsFUB,MW,62.0
9.0,6F87lH0I09qlrzvCCKc7lz,MW,63.0
9.0,7zCODUHkfuRxsUjtuzNqbd,MW,79.0
31.0,1OARrXe5sB0gyy3MhQ8h92,MX,70.0
22.0,4M2Mf4pmARKGVT9MLCe3HA,MX,64.0
24.0,12INlMsFtBjyehNnawBv36,MX,64.0
16.0,2nLOHgzXzwFEpl62zAgCEC,MX,85.0
14.0,4yP0hdKOZPNshxUOjY0cZj,MX,91.0
7.0,4qZBW3f2Q8y0k1A84d4iAO,MX,86.0
18.0,2ODvWsOgouMbaA5xf0RkJe,MX,92.0
14.0,0P3oVJBFOv3TDXlYRhGL7s,MX,88.0
10.0,3hhDpPtCFuQbppwYgsVhMO,MX,65.0
30.0,2XGEyGU76kj55OdHWynX0S,MX,64.0
9.0,04hy4jb1GDD00otiwzsFUB,MX,62.0
9.0,6F87lH0I09qlrzvCCKc7lz,MX,63.0
9.0,7zCODUHkfuRxsUjtuzNqbd,MX,79.0
31.0,1OARrXe5sB0gyy3MhQ8h92,MY,70.0
22.0,4M2Mf4pmARKGVT9MLCe3HA,MY,64.0
24.0,12INlMsFtBjyehNnawBv36,MY,64.0
16.0,2nLOHgzXzwFEpl62zAgCEC,MY,85.0
14.0,4yP0hdKOZPNshxUOjY0cZj,MY,91.0
7.0,4qZBW3f2Q8y0k1A84d4iAO,MY,86.0
18.0,2ODvWsOgouMbaA5xf0RkJe,MY,92.0
14.0,0P3oVJBFOv3TDXlYRhGL7s,MY,88.0
10.0,3hhDpPtCFuQbppwYgsVhMO,MY,65.0
30.0,2XGEyGU76kj55OdHWynX0S,MY,64.0
9.0,04hy4jb1GDD00otiwzsFUB,MY,62.0
9.0,6F87lH0I09qlrzvCCKc7lz,MY,63.0
9.0,7zCODUHkfuRxsUjtuzNqbd,MY,79.0
31.0,1OARrXe5sB0gyy3MhQ8h92,MZ,70.0
22.0,4M2Mf4pmARKGVT9MLCe3HA,MZ,64.0
24.0,12INlMsFtBjyehNnawBv36,MZ,64.0
16.0,2nLOHgzXzwFEpl62zAgCEC,MZ,85.0
14.0,4yP0hdKOZPNshxUOjY0cZj,MZ,91.0
7.0,4qZBW3f2Q8y0k1A84d4iAO,MZ,86.0
18.0,2ODvWsOgouMbaA5xf0RkJe,MZ,92.0
14.0,0P3oVJBFOv3TDXlYRhGL7s,MZ,88.0
10.0,3hhDpPtCFuQbppwYgsVhMO,MZ,65.0
30.0,2XGEyGU76kj55OdHWynX0S,MZ,64.0
9.0,04hy4jb1GDD00otiwzsFUB,MZ,62.0
9.0,6F87lH0I09qlrzvCCKc7lz,MZ,63.0
9.0,7zCODUHkfuRxsUjtuzNqbd,MZ,79.0
31.0,1OARrXe5sB0gyy3MhQ8h92,NA,70.0
22.0,4M2Mf4pmARKGVT9MLCe3HA,NA,64.0
24.0,12INlMsFtBjyehNnawBv36,NA,64.0
16.0,2nLOHgzXzwFEpl62zAgCEC,NA,85.0
14.0,4yP0hdKOZPNshxUOjY0cZj,NA,91.0
7.0,4qZBW3f2Q8y0k1A84d4iAO,NA,86.0
18.0,2ODvWsOgouMbaA5xf0RkJe,NA,92.0
14.0,0P3oVJBFOv3TDXlYRhGL7s,NA,88.0
10.0,3hhDpPtCFuQbppwYgsVhMO,NA,65.0
30.0,2XGEyGU76kj55OdHWynX0S,NA,64.0
9.0,04hy4jb1GDD00otiwzsFUB,NA,62.0
9.0,6F87lH0I09qlrzvCCKc7lz,NA,63.0
9.0,7zCODUHkfuRxsUjtuzNqbd,NA,79.0
31.0,1OARrXe5sB0gyy3MhQ8h92,NE,70.0
22.0,4M2Mf4pmARKGVT9MLCe3HA,NE,64.0
24.0,12INlMsFtBjyehNnawBv36,NE,64.0
16.0,2nLOHgzXzwFEpl62zAgCEC,NE,85.0
14.0,4yP0hdKOZPNshxUOjY0cZj,NE,91.0
7.0,4qZBW3f2Q8y0k1A84d4iAO,NE,86.0
18.0,2ODvWsOgouMbaA5xf0RkJe,NE,92.0
14.0,0P3oVJBFOv3TDXlYRhGL7s,NE,88.0
10.0,3hhDpPtCFuQbppwYgsVhMO,NE,65.0
30.0,2XGEyGU76kj55OdHWynX0S,NE,64.0
9.0,04hy4jb1GDD00otiwzsFUB,NE,62.0
9.0,6F87lH0I09qlrzvCCKc7lz,NE,63.0
9.0,7zCODUHkfuRxsUjtuzNqbd,NE,79.0
31.0,1OARrXe5sB0gyy3MhQ8h92,NG,70.0
22.0,4M2Mf4pmARKGVT9MLCe3HA,NG,64.0
24.0,12INlMsFtBjyehNnawBv36,NG,64.0
16.0,2nLOHgzXzwFEpl62zAgCEC,NG,85.0
14.0,4yP0hdKOZPNshxUOjY0cZj,NG,91.0
7.0,4qZBW3f2Q8y0k1A84d4iAO,NG,86.0
18.0,2ODvWsOgouMbaA5xf0RkJe,NG,92.0
14.0,0P3oVJBFOv3TDXlYRhGL7s,NG,88.0
10.0,3hhDpPtCFuQbppwYgsVhMO,NG,65.0
30.0,2XGEyGU76kj55OdHWynX0S,NG,64.0
9.0,04hy4jb1GDD00otiwzsFUB,NG,62.0
9.0,6F87lH0I09qlrzvCCKc7lz,NG,63.0
9.0,7zCODUHkfuRxsUjtuzNqbd,NG,79.0
31.0,1OARrXe5sB0gyy3MhQ8h92,NI,70.0
22.0,4M2Mf4pmARKGVT9MLCe3HA,NI,64.0
24.0,12INlMsFtBjyehNnawBv36,NI,64.0
16.0,2nLOHgzXzwFEpl62zAgCEC,NI,85.0
14.0,4yP0hdKOZPNshxUOjY0cZj,NI,91.0
7.0,4qZBW3f2Q8y0k1A84d4iAO,NI,86.0
18.0,2ODvWsOgouMbaA5xf0RkJe,NI,92.0
14.0,0P3oVJBFOv3TDXlYRhGL7s,NI,88.0
10.0,3hhDpPtCFuQbppwYgsVhMO,NI,65.0
30.0,2XGEyGU76kj55OdHWynX0S,NI,64.0
9.0,04hy4jb1GDD00otiwzsFUB,NI,62.0
9.0,6F87lH0I09qlrzvCCKc7lz,NI,63.0
9.0,7zCODUHkfuRxsUjtuzNqbd,NI,79.0
31.0,1OARrXe5sB0gyy3MhQ8h92,NL,70.0
22.0,4M2Mf4pmARKGVT9MLCe3HA,NL,64.0
24.0,12INlMsFtBjyehNnawBv36,NL,64.0
16.0,2nLOHgzXzwFEpl62zAgCEC,NL,85.0
14.0,4yP0hdKOZPNshxUOjY0cZj,NL,91.0
7.0,4qZBW3f2Q8y0k1A84d4iAO,NL,86.0
18.0,2ODvWsOgouMbaA5xf0RkJe,NL,92.0
14.0,0P3oVJBFOv3TDXlYRhGL7s,NL,88.0
10.0,3hhDpPtCFuQbppwYgsVhMO,NL,65.0
30.0,2XGEyGU76kj55OdHWynX0S,NL,64.0
9.0,04hy4jb1GDD00otiwzsFUB,NL,62.0
9.0,6F87lH0I09qlrzvCCKc7lz,NL,63.0
9.0,7zCODUHkfuRxsUjtuzNqbd,NL,79.0
31.0,1OARrXe5sB0gyy3MhQ8h92,NO,70.0
22.0,4M2Mf4pmARKGVT9MLCe3HA,NO,64.0
24.0,12INlMsFtBjyehNnawBv36,NO,64.0
16.0,2nLOHgzXzwFEpl62zAgCEC,NO,85.0
14.0,4yP0hdKOZPNshxUOjY0cZj,NO,91.0
7.0,4qZBW3f2Q8y0k1A84d4iAO,NO,86.0
18.0,2ODvWsOgouMbaA5xf0RkJe,NO,92.0
14.0,0P3oVJBFOv3TDXlYRhGL7s,NO,88.0
10.0,3hhDpPtCFuQbppwYgsVhMO,NO,65.0
30.0,2XGEyGU76kj55OdHWynX0S,NO,64.0
9.0,04hy4jb1GDD00otiwzsFUB,NO,62.0
9.0,6F87lH0I09qlrzvCCKc7lz,NO,63.0
9.0,7zCODUHkfuRxsUjtuzNqbd,NO,79.0
31.0,1OARrXe5sB0gyy3MhQ8h92,NP,70.0
22.0,4M2Mf4pmARKGVT9MLCe3HA,NP,64.0
24.0,12INlMsFtBjyehNnawBv36,NP,64.0
16.0,2nLOHgzXzwFEpl62zAgCEC,NP,85.0
14.0,4yP0hdKOZPNshxUOjY0cZj,NP,91.0
7.0,4qZBW3f2Q8y0k1A84d4iAO,NP,86.0
18.0,2ODvWsOgouMbaA5xf0RkJe,NP,92.0
14.0,0P3oVJBFOv3TDXlYRhGL7s,NP,88.0
10.0,3hhDpPtCFuQbppwYgsVhMO,NP,65.0
30.0,2XGEyGU76kj55OdHWynX0S,NP,64.0
9.0,04hy4jb1GDD00otiwzsFUB,NP,62.0
9.0,6F87lH0I09qlrzvCCKc7lz,NP,63.0
9.0,7zCODUHkfuRxsUjtuzNqbd,NP,79.0
31.0,1OARrXe5sB0gyy3MhQ8h92,NR,70.0
22.0,4M2Mf4pmARKGVT9MLCe3HA,NR,64.0
24.0,12INlMsFtBjyehNnawBv36,NR,64.0
16.0,2nLOHgzXzwFEpl62zAgCEC,NR,85.0
14.0,4yP0hdKOZPNshxUOjY0cZj,NR,91.0
7.0,4qZBW3f2Q8y0k1A84d4iAO,NR,86.0
18.0,2ODvWsOgouMbaA5xf0RkJe,NR,92.0
14.0,0P3oVJBFOv3TDXlYRhGL7s,NR,88.0
10.0,3hhDpPtCFuQbppwYgsVhMO,NR,65.0
30.0,2XGEyGU76kj55OdHWynX0S,NR,64.0
9.0,04hy4jb1GDD00otiwzsFUB,NR,62.0
9.0,6F87lH0I09qlrzvCCKc7lz,NR,63.0
9.0,7zCODUHkfuRxsUjtuzNqbd,NR,79.0
31.0,1OARrXe5sB0gyy3MhQ8h92,NZ,70.0
22.0,4M2Mf4pmARKGVT9MLCe3HA,NZ,64.0
24.0,12INlMsFtBjyehNnawBv36,NZ,64.0
16.0,2nLOHgzXzwFEpl62zAgCEC,NZ,85.0
14.0,4yP0hdKOZPNshxUOjY0cZj,NZ,91.0
7.0,4qZBW3f2Q8y0k1A84d4iAO,NZ,86.0
18.0,2ODvWsOgouMbaA5xf0RkJe,NZ,92.0
14.0,0P3oVJBFOv3TDXlYRhGL7s,NZ,88.0
10.0,3hhDpPtCFuQbppwYgsVhMO,NZ,65.0
30.0,2XGEyGU76kj55OdHWynX0S,NZ,64.0
9.0,04hy4jb1GDD00otiwzsFUB,NZ,62.0
9.0,6F87lH0I09qlrzvCCKc7lz,NZ,63.0
9.0,7zCODUHkfuRxsUjtuzNqbd,NZ,79.0
31.0,1OARrXe5sB0gyy3MhQ8h92,OM,70.0
22.0,4M2Mf4pmARKGVT9MLCe3HA,OM,64.0
24.0,12INlMsFtBjyehNnawBv36,OM,64.0
16.0,2nLOHgzXzwFEpl62zAgCEC,OM,85.0
14.0,4yP0hdKOZPNshxUOjY0cZj,OM,91.0
7.0,4qZBW3f2Q8y0k1A84d4iAO,OM,86.0
18.0,2ODvWsOgouMbaA5xf0RkJe,OM,92.0
14.0,0P3oVJBFOv3TDXlYRhGL7s,OM,88.0
10.0,3hhDpPtCFuQbppwYgsVhMO,OM,65.0
30.0,2XGEyGU76kj55OdHWynX0S,OM,64.0
9.0,04hy4jb1GDD00otiwzsFUB,OM,62.0
9.0,6F87lH0I09qlrzvCCKc7lz,OM,63.0
9.0,7zCODUHkfuRxsUjtuzNqbd,OM,79.0
31.0,1OARrXe5sB0gyy3MhQ8h92,PA,70.0
22.0,4M2Mf4pmARKGVT9MLCe3HA,PA,64.0
24.0,12INlMsFtBjyehNnawBv36,PA,64.0
16.0,2nLOHgzXzwFEpl62zAgCEC,PA,85.0
14.0,4yP0hdKOZPNshxUOjY0cZj,PA,91.0
7.0,4qZBW3f2Q8y0k1A84d4iAO,PA,86.0
18.0,2ODvWsOgouMbaA5xf0RkJe,PA,92.0
14.0,0P3oVJBFOv3TDXlYRhGL7s,PA,88.0
10.0,3hhDpPtCFuQbppwYgsVhMO,PA,65.0
30.0,2XGEyGU76kj55OdHWynX0S,PA,64.0
9.0,04hy4jb1GDD00otiwzsFUB,PA,62.0
9.0,6F87lH0I09qlrzvCCKc7lz,PA,63.0
9.0,7zCODUHkfuRxsUjtuzNqbd,PA,79.0
31.0,1OARrXe5sB0gyy3MhQ8h92,PE,70.0
22.0,4M2Mf4pmARKGVT9MLCe3HA,PE,64.0
24.0,12INlMsFtBjyehNnawBv36,PE,64.0
16.0,2nLOHgzXzwFEpl62zAgCEC,PE,85.0
14.0,4yP0hdKOZPNshxUOjY0cZj,PE,91.0
7.0,4qZBW3f2Q8y0k1A84d4iAO,PE,86.0
18.0,2ODvWsOgouMbaA5xf0RkJe,PE,92.0
14.0,0P3oVJBFOv3TDXlYRhGL7s,PE,88.0
10.0,3hhDpPtCFuQbppwYgsVhMO,PE,65.0
30.0,2XGEyGU76kj55OdHWynX0S,PE,64.0
9.0,04hy4jb1GDD00otiwzsFUB,PE,62.0
9.0,6F87lH0I09qlrzvCCKc7lz,PE,63.0
9.0,7zCODUHkfuRxsUjtuzNqbd,PE,79.0
31.0,1OARrXe5sB0gyy3MhQ8h92,PG,70.0
22.0,4M2Mf4pmARKGVT9MLCe3HA,PG,64.0
24.0,12INlMsFtBjyehNnawBv36,PG,64.0
16.0,2nLOHgzXzwFEpl62zAgCEC,PG,85.0
14.0,4yP0hdKOZPNshxUOjY0cZj,PG,91.0
7.0,4qZBW3f2Q8y0k1A84d4iAO,PG,86.0
18.0,2ODvWsOgouMbaA5xf0RkJe,PG,92.0
14.0,0P3oVJBFOv3TDXlYRhGL7s,PG,88.0
10.0,3hhDpPtCFuQbppwYgsVhMO,PG,65.0
30.0,2XGEyGU76kj55OdHWynX0S,PG,64.0
9.0,04hy4jb1GDD00otiwzsFUB,PG,62.0
9.0,6F87lH0I09qlrzvCCKc7lz,PG,63.0
9.0,7zCODUHkfuRxsUjtuzNqbd,PG,79.0
31.0,1OARrXe5sB0gyy3MhQ8h92,PH,70.0
22.0,4M2Mf4pmARKGVT9MLCe3HA,PH,64.0
24.0,12INlMsFtBjyehNnawBv36,PH,64.0
16.0,2nLOHgzXzwFEpl62zAgCEC,PH,85.0
14.0,4yP0hdKOZPNshxUOjY0cZj,PH,91.0
7.0,4qZBW3f2Q8y0k1A84d4iAO,PH,86.0
18.0,2ODvWsOgouMbaA5xf0RkJe,PH,92.0
14.0,0P3oVJBFOv3TDXlYRhGL7s,PH,88.0
10.0,3hhDpPtCFuQbppwYgsVhMO,PH,65.0
30.0,2XGEyGU76kj55OdHWynX0S,PH,64.0
9.0,04hy4jb1GDD00otiwzsFUB,PH,62.0
9.0,6F87lH0I09qlrzvCCKc7lz,PH,63.0
9.0,7zCODUHkfuRxsUjtuzNqbd,PH,79.0
31.0,1OARrXe5sB0gyy3MhQ8h92,PK,70.0
22.0,4M2Mf4pmARKGVT9MLCe3HA,PK,64.0
24.0,12INlMsFtBjyehNnawBv36,PK,64.0
16.0,2nLOHgzXzwFEpl62zAgCEC,PK,85.0
14.0,4yP0hdKOZPNshxUOjY0cZj,PK,91.0
7.0,4qZBW3f2Q8y0k1A84d4iAO,PK,86.0
18.0,2ODvWsOgouMbaA5xf0RkJe,PK,92.0
14.0,0P3oVJBFOv3TDXlYRhGL7s,PK,88.0
10.0,3hhDpPtCFuQbppwYgsVhMO,PK,65.0
30.0,2XGEyGU76kj55OdHWynX0S,PK,64.0
9.0,04hy4jb1GDD00otiwzsFUB,PK,62.0
9.0,6F87lH0I09qlrzvCCKc7lz,PK,63.0
9.0,7zCODUHkfuRxsUjtuzNqbd,PK,79.0
31.0,1OARrXe5sB0gyy3MhQ8h92,PL,70.0
22.0,4M2Mf4pmARKGVT9MLCe3HA,PL,64.0
24.0,12INlMsFtBjyehNnawBv36,PL,64.0
16.0,2nLOHgzXzwFEpl62zAgCEC,PL,85.0
14.0,4yP0hdKOZPNshxUOjY0cZj,PL,91.0
7.0,4qZBW3f2Q8y0k1A84d4iAO,PL,86.0
18.0,2ODvWsOgouMbaA5xf0RkJe,PL,92.0
14.0,0P3oVJBFOv3TDXlYRhGL7s,PL,88.0
10.0,3hhDpPtCFuQbppwYgsVhMO,PL,65.0
30.0,2XGEyGU76kj55OdHWynX0S,PL,64.0
9.0,04hy4jb1GDD00otiwzsFUB,PL,62.0
9.0,6F87lH0I09qlrzvCCKc7lz,PL,63.0
9.0,7zCODUHkfuRxsUjtuzNqbd,PL,79.0
31.0,1OARrXe5sB0gyy3MhQ8h92,PS,70.0
22.0,4M2Mf4pmARKGVT9MLCe3HA,PS,64.0
24.0,12INlMsFtBjyehNnawBv36,PS,64.0
16.0,2nLOHgzXzwFEpl62zAgCEC,PS,85.0
14.0,4yP0hdKOZPNshxUOjY0cZj,PS,91.0
7.0,4qZBW3f2Q8y0k1A84d4iAO,PS,86.0
18.0,2ODvWsOgouMbaA5xf0RkJe,PS,92.0
14.0,0P3oVJBFOv3TDXlYRhGL7s,PS,88.0
10.0,3hhDpPtCFuQbppwYgsVhMO,PS,65.0
30.0,2XGEyGU76kj55OdHWynX0S,PS,64.0
9.0,04hy4jb1GDD00otiwzsFUB,PS,62.0
9.0,6F87lH0I09qlrzvCCKc7lz,PS,63.0
9.0,7zCODUHkfuRxsUjtuzNqbd,PS,79.0
31.0,1OARrXe5sB0gyy3MhQ8h92,PT,70.0
22.0,4M2Mf4pmARKGVT9MLCe3HA,PT,64.0
24.0,12INlMsFtBjyehNnawBv36,PT,64.0
16.0,2nLOHgzXzwFEpl62zAgCEC,PT,85.0
14.0,4yP0hdKOZPNshxUOjY0cZj,PT,91.0
7.0,4qZBW3f2Q8y0k1A84d4iAO,PT,86.0
18.0,2ODvWsOgouMbaA5xf0RkJe,PT,92.0
14.0,0P3oVJBFOv3TDXlYRhGL7s,PT,88.0
10.0,3hhDpPtCFuQbppwYgsVhMO,PT,65.0
30.0,2XGEyGU76kj55OdHWynX0S,PT,64.0
9.0,04hy4jb1GDD00otiwzsFUB,PT,62.0
9.0,6F87lH0I09qlrzvCCKc7lz,PT,63.0
9.0,7zCODUHkfuRxsUjtuzNqbd,PT,79.0
31.0,1OARrXe5sB0gyy3MhQ8h92,PW,70.0
22.0,4M2Mf4pmARKGVT9MLCe3HA,PW,64.0
24.0,12INlMsFtBjyehNnawBv36,PW,64.0
16.0,2nLOHgzXzwFEpl62zAgCEC,PW,85.0
14.0,4yP0hdKOZPNshxUOjY0cZj,PW,91.0
7.0,4qZBW3f2Q8y0k1A84d4iAO,PW,86.0
18.0,2ODvWsOgouMbaA5xf0RkJe,PW,92.0
14.0,0P3oVJBFOv3TDXlYRhGL7s,PW,88.0
10.0,3hhDpPtCFuQbppwYgsVhMO,PW,65.0
30.0,2XGEyGU76kj55OdHWynX0S,PW,64.0
9.0,04hy4jb1GDD00otiwzsFUB,PW,62.0
9.0,6F87lH0I09qlrzvCCKc7lz,PW,63.0
9.0,7zCODUHkfuRxsUjtuzNqbd,PW,79.0
31.0,1OARrXe5sB0gyy3MhQ8h92,PY,70.0
22.0,4M2Mf4pmARKGVT9MLCe3HA,PY,64.0
24.0,12INlMsFtBjyehNnawBv36,PY,64.0
16.0,2nLOHgzXzwFEpl62zAgCEC,PY,85.0
14.0,4yP0hdKOZPNshxUOjY0cZj,PY,91.0
7.0,4qZBW3f2Q8y0k1A84d4iAO,PY,86.0
18.0,2ODvWsOgouMbaA5xf0RkJe,PY,92.0
14.0,0P3oVJBFOv3TDXlYRhGL7s,PY,88.0
10.0,3hhDpPtCFuQbppwYgsVhMO,PY,65.0
30.0,2XGEyGU76kj55OdHWynX0S,PY,64.0
9.0,04hy4jb1GDD00otiwzsFUB,PY,62.0
9.0,6F87lH0I09qlrzvCCKc7lz,PY,63.0
9.0,7zCODUHkfuRxsUjtuzNqbd,PY,79.0
31.0,1OARrXe5sB0gyy3MhQ8h92,QA,70.0
22.0,4M2Mf4pmARKGVT9MLCe3HA,QA,64.0
24.0,12INlMsFtBjyehNnawBv36,QA,64.0
16.0,2nLOHgzXzwFEpl62zAgCEC,QA,85.0
14.0,4yP0hdKOZPNshxUOjY0cZj,QA,91.0
7.0,4qZBW3f2Q8y0k1A84d4iAO,QA,86.0
18.0,2ODvWsOgouMbaA5xf0RkJe,QA,92.0
14.0,0P3oVJBFOv3TDXlYRhGL7s,QA,88.0
10.0,3hhDpPtCFuQbppwYgsVhMO,QA,65.0
30.0,2XGEyGU76kj55OdHWynX0S,QA,64.0
9.0,04hy4jb1GDD00otiwzsFUB,QA,62.0
9.0,6F87lH0I09qlrzvCCKc7lz,QA,63.0
9.0,7zCODUHkfuRxsUjtuzNqbd,QA,79.0
31.0,1OARrXe5sB0gyy3MhQ8h92,RO,70.0
22.0,4M2Mf4pmARKGVT9MLCe3HA,RO,64.0
24.0,12INlMsFtBjyehNnawBv36,RO,64.0
16.0,2nLOHgzXzwFEpl62zAgCEC,RO,85.0
14.0,4yP0hdKOZPNshxUOjY0cZj,RO,91.0
7.0,4qZBW3f2Q8y0k1A84d4iAO,RO,86.0
18.0,2ODvWsOgouMbaA5xf0RkJe,RO,92.0
14.0,0P3oVJBFOv3TDXlYRhGL7s,RO,88.0
10.0,3hhDpPtCFuQbppwYgsVhMO,RO,65.0
30.0,2XGEyGU76kj55OdHWynX0S,RO,64.0
9.0,04hy4jb1GDD00otiwzsFUB,RO,62.0
9.0,6F87lH0I09qlrzvCCKc7lz,RO,63.0
9.0,7zCODUHkfuRxsUjtuzNqbd,RO,79.0
31.0,1OARrXe5sB0gyy3MhQ8h92,RS,70.0
22.0,4M2Mf4pmARKGVT9MLCe3HA,RS,64.0
24.0,12INlMsFtBjyehNnawBv36,RS,64.0
16.0,2nLOHgzXzwFEpl62zAgCEC,RS,85.0
14.0,4yP0hdKOZPNshxUOjY0cZj,RS,91.0
7.0,4qZBW3f2Q8y0k1A84d4iAO,RS,86.0
18.0,2ODvWsOgouMbaA5xf0RkJe,RS,92.0
14.0,0P3oVJBFOv3TDXlYRhGL7s,RS,88.0
10.0,3hhDpPtCFuQbppwYgsVhMO,RS,65.0
30.0,2XGEyGU76kj55OdHWynX0S,RS,64.0
9.0,04hy4jb1GDD00otiwzsFUB,RS,62.0
9.0,6F87lH0I09qlrzvCCKc7lz,RS,63.0
9.0,7zCODUHkfuRxsUjtuzNqbd,RS,79.0
31.0,1OARrXe5sB0gyy3MhQ8h92,RW,70.0
22.0,4M2Mf4pmARKGVT9MLCe3HA,RW,64.0
24.0,12INlMsFtBjyehNnawBv36,RW,64.0
16.0,2nLOHgzXzwFEpl62zAgCEC,RW,85.0
14.0,4yP0hdKOZPNshxUOjY0cZj,RW,91.0
7.0,4qZBW3f2Q8y0k1A84d4iAO,RW,86.0
18.0,2ODvWsOgouMbaA5xf0RkJe,RW,92.0
14.0,0P3oVJBFOv3TDXlYRhGL7s,RW,88.0
10.0,3hhDpPtCFuQbppwYgsVhMO,RW,65.0
30.0,2XGEyGU76kj55OdHWynX0S,RW,64.0
9.0,04hy4jb1GDD00otiwzsFUB,RW,62.0
9.0,6F87lH0I09qlrzvCCKc7lz,RW,63.0
9.0,7zCODUHkfuRxsUjtuzNqbd,RW,79.0
31.0,1OARrXe5sB0gyy3MhQ8h92,SA,70.0
22.0,4M2Mf4pmARKGVT9MLCe3HA,SA,64.0
24.0,12INlMsFtBjyehNnawBv36,SA,64.0
16.0,2nLOHgzXzwFEpl62zAgCEC,SA,85.0
14.0,4yP0hdKOZPNshxUOjY0cZj,SA,91.0
7.0,4qZBW3f2Q8y0k1A84d4iAO,SA,86.0
18.0,2ODvWsOgouMbaA5xf0RkJe,SA,92.0
14.0,0P3oVJBFOv3TDXlYRhGL7s,SA,88.0
10.0,3hhDpPtCFuQbppwYgsVhMO,SA,65.0
30.0,2XGEyGU76kj55OdHWynX0S,SA,64.0
9.0,04hy4jb1GDD00otiwzsFUB,SA,62.0
9.0,6F87lH0I09qlrzvCCKc7lz,SA,63.0
9.0,7zCODUHkfuRxsUjtuzNqbd,SA,79.0
31.0,1OARrXe5sB0gyy3MhQ8h92,SB,70.0
22.0,4M2Mf4pmARKGVT9MLCe3HA,SB,64.0
24.0,12INlMsFtBjyehNnawBv36,SB,64.0
16.0,2nLOHgzXzwFEpl62zAgCEC,SB,85.0
14.0,4yP0hdKOZPNshxUOjY0cZj,SB,91.0
7.0,4qZBW3f2Q8y0k1A84d4iAO,SB,86.0
18.0,2ODvWsOgouMbaA5xf0RkJe,SB,92.0
14.0,0P3oVJBFOv3TDXlYRhGL7s,SB,88.0
10.0,3hhDpPtCFuQbppwYgsVhMO,SB,65.0
30.0,2XGEyGU76kj55OdHWynX0S,SB,64.0
9.0,04hy4jb1GDD00otiwzsFUB,SB,62.0
9.0,6F87lH0I09qlrzvCCKc7lz,SB,63.0
9.0,7zCODUHkfuRxsUjtuzNqbd,SB,79.0
31.0,1OARrXe5sB0gyy3MhQ8h92,SC,70.0
22.0,4M2Mf4pmARKGVT9MLCe3HA,SC,64.0
24.0,12INlMsFtBjyehNnawBv36,SC,64.0
16.0,2nLOHgzXzwFEpl62zAgCEC,SC,85.0
14.0,4yP0hdKOZPNshxUOjY0cZj,SC,91.0
7.0,4qZBW3f2Q8y0k1A84d4iAO,SC,86.0
18.0,2ODvWsOgouMbaA5xf0RkJe,SC,92.0
14.0,0P3oVJBFOv3TDXlYRhGL7s,SC,88.0
10.0,3hhDpPtCFuQbppwYgsVhMO,SC,65.0
30.0,2XGEyGU76kj55OdHWynX0S,SC,64.0
9.0,04hy4jb1GDD00otiwzsFUB,SC,62.0
9.0,6F87lH0I09qlrzvCCKc7lz,SC,63.0
9.0,7zCODUHkfuRxsUjtuzNqbd,SC,79.0
31.0,1OARrXe5sB0gyy3MhQ8h92,SE,70.0
22.0,4M2Mf4pmARKGVT9MLCe3HA,SE,64.0
24.0,12INlMsFtBjyehNnawBv36,SE,64.0
16.0,2nLOHgzXzwFEpl62zAgCEC,SE,85.0
14.0,4yP0hdKOZPNshxUOjY0cZj,SE,91.0
7.0,4qZBW3f2Q8y0k1A84d4iAO,SE,86.0
18.0,2ODvWsOgouMbaA5xf0RkJe,SE,92.0
14.0,0P3oVJBFOv3TDXlYRhGL7s,SE,88.0
10.0,3hhDpPtCFuQbppwYgsVhMO,SE,65.0
30.0,2XGEyGU76kj55OdHWynX0S,SE,64.0
9.0,04hy4jb1GDD00otiwzsFUB,SE,62.0
9.0,6F87lH0I09qlrzvCCKc7lz,SE,63.0
9.0,7zCODUHkfuRxsUjtuzNqbd,SE,79.0
31.0,1OARrXe5sB0gyy3MhQ8h92,SG,70.0
22.0,4M2Mf4pmARKGVT9MLCe3HA,SG,64.0
24.0,12INlMsFtBjyehNnawBv36,SG,64.0
16.0,2nLOHgzXzwFEpl62zAgCEC,SG,85.0
14.0,4yP0hdKOZPNshxUOjY0cZj,SG,91.0
7.0,4qZBW3f2Q8y0k1A84d4iAO,SG,86.0
18.0,2ODvWsOgouMbaA5xf0RkJe,SG,92.0
14.0,0P3oVJBFOv3TDXlYRhGL7s,SG,88.0
10.0,3hhDpPtCFuQbppwYgsVhMO,SG,65.0
30.0,2XGEyGU76kj55OdHWynX0S,SG,64.0
9.0,04hy4jb1GDD00otiwzsFUB,SG,62.0
9.0,6F87lH0I09qlrzvCCKc7lz,SG,63.0
9.0,7zCODUHkfuRxsUjtuzNqbd,SG,79.0
31.0,1OARrXe5sB0gyy3MhQ8h92,SI,70.0
22.0,4M2Mf4pmARKGVT9MLCe3HA,SI,64.0
24.0,12INlMsFtBjyehNnawBv36,SI,64.0
16.0,2nLOHgzXzwFEpl62zAgCEC,SI,85.0
14.0,4yP0hdKOZPNshxUOjY0cZj,SI,91.0
7.0,4qZBW3f2Q8y0k1A84d4iAO,SI,86.0
18.0,2ODvWsOgouMbaA5xf0RkJe,SI,92.0
14.0,0P3oVJBFOv3TDXlYRhGL7s,SI,88.0
10.0,3hhDpPtCFuQbppwYgsVhMO,SI,65.0
30.0,2XGEyGU76kj55OdHWynX0S,SI,64.0
9.0,04hy4jb1GDD00otiwzsFUB,SI,62.0
9.0,6F87lH0I09qlrzvCCKc7lz,SI,63.0
9.0,7zCODUHkfuRxsUjtuzNqbd,SI,79.0
31.0,1OARrXe5sB0gyy3MhQ8h92,SK,70.0
22.0,4M2Mf4pmARKGVT9MLCe3HA,SK,64.0
24.0,12INlMsFtBjyehNnawBv36,SK,64.0
16.0,2nLOHgzXzwFEpl62zAgCEC,SK,85.0
14.0,4yP0hdKOZPNshxUOjY0cZj,SK,91.0
7.0,4qZBW3f2Q8y0k1A84d4iAO,SK,86.0
18.0,2ODvWsOgouMbaA5xf0RkJe,SK,92.0
14.0,0P3oVJBFOv3TDXlYRhGL7s,SK,88.0
10.0,3hhDpPtCFuQbppwYgsVhMO,SK,65.0
30.0,2XGEyGU76kj55OdHWynX0S,SK,64.0
9.0,04hy4jb1GDD00otiwzsFUB,SK,62.0
9.0,6F87lH0I09qlrzvCCKc7lz,SK,63.0
9.0,7zCODUHkfuRxsUjtuzNqbd,SK,79.0
31.0,1OARrXe5sB0gyy3MhQ8h92,SL,70.0
22.0,4M2Mf4pmARKGVT9MLCe3HA,SL,64.0
24.0,12INlMsFtBjyehNnawBv36,SL,64.0
16.0,2nLOHgzXzwFEpl62zAgCEC,SL,85.0
14.0,4yP0hdKOZPNshxUOjY0cZj,SL,91.0
7.0,4qZBW3f2Q8y0k1A84d4iAO,SL,86.0
18.0,2ODvWsOgouMbaA5xf0RkJe,SL,92.0
14.0,0P3oVJBFOv3TDXlYRhGL7s,SL,88.0
10.0,3hhDpPtCFuQbppwYgsVhMO,SL,65.0
30.0,2XGEyGU76kj55OdHWynX0S,SL,64.0
9.0,04hy4jb1GDD00otiwzsFUB,SL,62.0
9.0,6F87lH0I09qlrzvCCKc7lz,SL,63.0
9.0,7zCODUHkfuRxsUjtuzNqbd,SL,79.0
31.0,1OARrXe5sB0gyy3MhQ8h92,SM,70.0
22.0,4M2Mf4pmARKGVT9MLCe3HA,SM,64.0
24.0,12INlMsFtBjyehNnawBv36,SM,64.0
16.0,2nLOHgzXzwFEpl62zAgCEC,SM,85.0
14.0,4yP0hdKOZPNshxUOjY0cZj,SM,91.0
7.0,4qZBW3f2Q8y0k1A84d4iAO,SM,86.0
18.0,2ODvWsOgouMbaA5xf0RkJe,SM,92.0
14.0,0P3oVJBFOv3TDXlYRhGL7s,SM,88.0
10.0,3hhDpPtCFuQbppwYgsVhMO,SM,65.0
30.0,2XGEyGU76kj55OdHWynX0S,SM,64.0
9.0,04hy4jb1GDD00otiwzsFUB,SM,62.0
9.0,6F87lH0I09qlrzvCCKc7lz,SM,63.0
9.0,7zCODUHkfuRxsUjtuzNqbd,SM,79.0
31.0,1OARrXe5sB0gyy3MhQ8h92,SN,70.0
22.0,4M2Mf4pmARKGVT9MLCe3HA,SN,64.0
24.0,12INlMsFtBjyehNnawBv36,SN,64.0
16.0,2nLOHgzXzwFEpl62zAgCEC,SN,85.0
14.0,4yP0hdKOZPNshxUOjY0cZj,SN,91.0
7.0,4qZBW3f2Q8y0k1A84d4iAO,SN,86.0
18.0,2ODvWsOgouMbaA5xf0RkJe,SN,92.0
14.0,0P3oVJBFOv3TDXlYRhGL7s,SN,88.0
10.0,3hhDpPtCFuQbppwYgsVhMO,SN,65.0
30.0,2XGEyGU76kj55OdHWynX0S,SN,64.0
9.0,04hy4jb1GDD00otiwzsFUB,SN,62.0
9.0,6F87lH0I09qlrzvCCKc7lz,SN,63.0
9.0,7zCODUHkfuRxsUjtuzNqbd,SN,79.0
31.0,1OARrXe5sB0gyy3MhQ8h92,SR,70.0
22.0,4M2Mf4pmARKGVT9MLCe3HA,SR,64.0
24.0,12INlMsFtBjyehNnawBv36,SR,64.0
16.0,2nLOHgzXzwFEpl62zAgCEC,SR,85.0
14.0,4yP0hdKOZPNshxUOjY0cZj,SR,91.0
7.0,4qZBW3f2Q8y0k1A84d4iAO,SR,86.0
18.0,2ODvWsOgouMbaA5xf0RkJe,SR,92.0
14.0,0P3oVJBFOv3TDXlYRhGL7s,SR,88.0
10.0,3hhDpPtCFuQbppwYgsVhMO,SR,65.0
30.0,2XGEyGU76kj55OdHWynX0S,SR,64.0
9.0,04hy4jb1GDD00otiwzsFUB,SR,62.0
9.0,6F87lH0I09qlrzvCCKc7lz,SR,63.0
9.0,7zCODUHkfuRxsUjtuzNqbd,SR,79.0
31.0,1OARrXe5sB0gyy3MhQ8h92,ST,70.0
22.0,4M2Mf4pmARKGVT9MLCe3HA,ST,64.0
24.0,12INlMsFtBjyehNnawBv36,ST,64.0
16.0,2nLOHgzXzwFEpl62zAgCEC,ST,85.0
14.0,4yP0hdKOZPNshxUOjY0cZj,ST,91.0
7.0,4qZBW3f2Q8y0k1A84d4iAO,ST,86.0
18.0,2ODvWsOgouMbaA5xf0RkJe,ST,92.0
14.0,0P3oVJBFOv3TDXlYRhGL7s,ST,88.0
10.0,3hhDpPtCFuQbppwYgsVhMO,ST,65.0
30.0,2XGEyGU76kj55OdHWynX0S,ST,64.0
9.0,04hy4jb1GDD00otiwzsFUB,ST,62.0
9.0,6F87lH0I09qlrzvCCKc7lz,ST,63.0
9.0,7zCODUHkfuRxsUjtuzNqbd,ST,79.0
31.0,1OARrXe5sB0gyy3MhQ8h92,SV,70.0
22.0,4M2Mf4pmARKGVT9MLCe3HA,SV,64.0
24.0,12INlMsFtBjyehNnawBv36,SV,64.0
16.0,2nLOHgzXzwFEpl62zAgCEC,SV,85.0
14.0,4yP0hdKOZPNshxUOjY0cZj,SV,91.0
7.0,4qZBW3f2Q8y0k1A84d4iAO,SV,86.0
18.0,2ODvWsOgouMbaA5xf0RkJe,SV,92.0
14.0,0P3oVJBFOv3TDXlYRhGL7s,SV,88.0
10.0,3hhDpPtCFuQbppwYgsVhMO,SV,65.0
30.0,2XGEyGU76kj55OdHWynX0S,SV,64.0
9.0,04hy4jb1GDD00otiwzsFUB,SV,62.0
9.0,6F87lH0I09qlrzvCCKc7lz,SV,63.0
9.0,7zCODUHkfuRxsUjtuzNqbd,SV,79.0
31.0,1OARrXe5sB0gyy3MhQ8h92,SZ,70.0
22.0,4M2Mf4pmARKGVT9MLCe3HA,SZ,64.0
24.0,12INlMsFtBjyehNnawBv36,SZ,64.0
16.0,2nLOHgzXzwFEpl62zAgCEC,SZ,85.0
14.0,4yP0hdKOZPNshxUOjY0cZj,SZ,91.0
7.0,4qZBW3f2Q8y0k1A84d4iAO,SZ,86.0
18.0,2ODvWsOgouMbaA5xf0RkJe,SZ,92.0
14.0,0P3oVJBFOv3TDXlYRhGL7s,SZ,88.0
10.0,3hhDpPtCFuQbppwYgsVhMO,SZ,65.0
30.0,2XGEyGU76kj55OdHWynX0S,SZ,64.0
9.0,04hy4jb1GDD00otiwzsFUB,SZ,62.0
9.0,6F87lH0I09qlrzvCCKc7lz,SZ,63.0
9.0,7zCODUHkfuRxsUjtuzNqbd,SZ,79.0
31.0,1OARrXe5sB0gyy3MhQ8h92,TD,70.0
22.0,4M2Mf4pmARKGVT9MLCe3HA,TD,64.0
24.0,12INlMsFtBjyehNnawBv36,TD,64.0
16.0,2nLOHgzXzwFEpl62zAgCEC,TD,85.0
14.0,4yP0hdKOZPNshxUOjY0cZj,TD,91.0
7.0,4qZBW3f2Q8y0k1A84d4iAO,TD,86.0
18.0,2ODvWsOgouMbaA5xf0RkJe,TD,92.0
14.0,0P3oVJBFOv3TDXlYRhGL7s,TD,88.0
10.0,3hhDpPtCFuQbppwYgsVhMO,TD,65.0
30.0,2XGEyGU76kj55OdHWynX0S,TD,64.0
9.0,04hy4jb1GDD00otiwzsFUB,TD,62.0
9.0,6F87lH0I09qlrzvCCKc7lz,TD,63.0
9.0,7zCODUHkfuRxsUjtuzNqbd,TD,79.0
31.0,1OARrXe5sB0gyy3MhQ8h92,TG,70.0
22.0,4M2Mf4pmARKGVT9MLCe3HA,TG,64.0
24.0,12INlMsFtBjyehNnawBv36,TG,64.0
16.0,2nLOHgzXzwFEpl62zAgCEC,TG,85.0
14.0,4yP0hdKOZPNshxUOjY0cZj,TG,91.0
7.0,4qZBW3f2Q8y0k1A84d4iAO,TG,86.0
18.0,2ODvWsOgouMbaA5xf0RkJe,TG,92.0
14.0,0P3oVJBFOv3TDXlYRhGL7s,TG,88.0
10.0,3hhDpPtCFuQbppwYgsVhMO,TG,65.0
30.0,2XGEyGU76kj55OdHWynX0S,TG,64.0
9.0,04hy4jb1GDD00otiwzsFUB,TG,62.0
9.0,6F87lH0I09qlrzvCCKc7lz,TG,63.0
9.0,7zCODUHkfuRxsUjtuzNqbd,TG,79.0
31.0,1OARrXe5sB0gyy3MhQ8h92,TH,70.0
22.0,4M2Mf4pmARKGVT9MLCe3HA,TH,64.0
24.0,12INlMsFtBjyehNnawBv36,TH,64.0
16.0,2nLOHgzXzwFEpl62zAgCEC,TH,85.0
14.0,4yP0hdKOZPNshxUOjY0cZj,TH,91.0
7.0,4qZBW3f2Q8y0k1A84d4iAO,TH,86.0
18.0,2ODvWsOgouMbaA5xf0RkJe,TH,92.0
14.0,0P3oVJBFOv3TDXlYRhGL7s,TH,88.0
10.0,3hhDpPtCFuQbppwYgsVhMO,TH,65.0
30.0,2XGEyGU76kj55OdHWynX0S,TH,64.0
9.0,04hy4jb1GDD00otiwzsFUB,TH,62.0
9.0,6F87lH0I09qlrzvCCKc7lz,TH,63.0
9.0,7zCODUHkfuRxsUjtuzNqbd,TH,79.0
31.0,1OARrXe5sB0gyy3MhQ8h92,TJ,70.0
22.0,4M2Mf4pmARKGVT9MLCe3HA,TJ,64.0
24.0,12INlMsFtBjyehNnawBv36,TJ,64.0
16.0,2nLOHgzXzwFEpl62zAgCEC,TJ,85.0
14.0,4yP0hdKOZPNshxUOjY0cZj,TJ,91.0
7.0,4qZBW3f2Q8y0k1A84d4iAO,TJ,86.0
18.0,2ODvWsOgouMbaA5xf0RkJe,TJ,92.0
14.0,0P3oVJBFOv3TDXlYRhGL7s,TJ,88.0
10.0,3hhDpPtCFuQbppwYgsVhMO,TJ,65.0
30.0,2XGEyGU76kj55OdHWynX0S,TJ,64.0
9.0,04hy4jb1GDD00otiwzsFUB,TJ,62.0
9.0,6F87lH0I09qlrzvCCKc7lz,TJ,63.0
9.0,7zCODUHkfuRxsUjtuzNqbd,TJ,79.0
31.0,1OARrXe5sB0gyy3MhQ8h92,TL,70.0
22.0,4M2Mf4pmARKGVT9MLCe3HA,TL,64.0
24.0,12INlMsFtBjyehNnawBv36,TL,64.0
16.0,2nLOHgzXzwFEpl62zAgCEC,TL,85.0
14.0,4yP0hdKOZPNshxUOjY0cZj,TL,91.0
7.0,4qZBW3f2Q8y0k1A84d4iAO,TL,86.0
18.0,2ODvWsOgouMbaA5xf0RkJe,TL,92.0
14.0,0P3oVJBFOv3TDXlYRhGL7s,TL,88.0
10.0,3hhDpPtCFuQbppwYgsVhMO,TL,65.0
30.0,2XGEyGU76kj55OdHWynX0S,TL,64.0
9.0,04hy4jb1GDD00otiwzsFUB,TL,62.0
9.0,6F87lH0I09qlrzvCCKc7lz,TL,63.0
9.0,7zCODUHkfuRxsUjtuzNqbd,TL,79.0
31.0,1OARrXe5sB0gyy3MhQ8h92,TN,70.0
22.0,4M2Mf4pmARKGVT9MLCe3HA,TN,64.0
24.0,12INlMsFtBjyehNnawBv36,TN,64.0
16.0,2nLOHgzXzwFEpl62zAgCEC,TN,85.0
14.0,4yP0hdKOZPNshxUOjY0cZj,TN,91.0
7.0,4qZBW3f2Q8y0k1A84d4iAO,TN,86.0
18.0,2ODvWsOgouMbaA5xf0RkJe,TN,92.0
14.0,0P3oVJBFOv3TDXlYRhGL7s,TN,88.0
10.0,3hhDpPtCFuQbppwYgsVhMO,TN,65.0
30.0,2XGEyGU76kj55OdHWynX0S,TN,64.0
9.0,04hy4jb1GDD00otiwzsFUB,TN,62.0
9.0,6F87lH0I09qlrzvCCKc7lz,TN,63.0
9.0,7zCODUHkfuRxsUjtuzNqbd,TN,79.0
31.0,1OARrXe5sB0gyy3MhQ8h92,TO,70.0
22.0,4M2Mf4pmARKGVT9MLCe3HA,TO,64.0
24.0,12INlMsFtBjyehNnawBv36,TO,64.0
16.0,2nLOHgzXzwFEpl62zAgCEC,TO,85.0
14.0,4yP0hdKOZPNshxUOjY0cZj,TO,91.0
7.0,4qZBW3f2Q8y0k1A84d4iAO,TO,86.0
18.0,2ODvWsOgouMbaA5xf0RkJe,TO,92.0
14.0,0P3oVJBFOv3TDXlYRhGL7s,TO,88.0
10.0,3hhDpPtCFuQbppwYgsVhMO,TO,65.0
30.0,2XGEyGU76kj55OdHWynX0S,TO,64.0
9.0,04hy4jb1GDD00otiwzsFUB,TO,62.0
9.0,6F87lH0I09qlrzvCCKc7lz,TO,63.0
9.0,7zCODUHkfuRxsUjtuzNqbd,TO,79.0
31.0,1OARrXe5sB0gyy3MhQ8h92,TR,70.0
22.0,4M2Mf4pmARKGVT9MLCe3HA,TR,64.0
24.0,12INlMsFtBjyehNnawBv36,TR,64.0
16.0,2nLOHgzXzwFEpl62zAgCEC,TR,85.0
14.0,4yP0hdKOZPNshxUOjY0cZj,TR,91.0
7.0,4qZBW3f2Q8y0k1A84d4iAO,TR,86.0
18.0,2ODvWsOgouMbaA5xf0RkJe,TR,92.0
14.0,0P3oVJBFOv3TDXlYRhGL7s,TR,88.0
10.0,3hhDpPtCFuQbppwYgsVhMO,TR,65.0
30.0,2XGEyGU76kj55OdHWynX0S,TR,64.0
9.0,04hy4jb1GDD00otiwzsFUB,TR,62.0
9.0,6F87lH0I09qlrzvCCKc7lz,TR,63.0
9.0,7zCODUHkfuRxsUjtuzNqbd,TR,79.0
31.0,1OARrXe5sB0gyy3MhQ8h92,TT,70.0
22.0,4M2Mf4pmARKGVT9MLCe3HA,TT,64.0
24.0,12INlMsFtBjyehNnawBv36,TT,64.0
16.0,2nLOHgzXzwFEpl62zAgCEC,TT,85.0
14.0,4yP0hdKOZPNshxUOjY0cZj,TT,91.0
7.0,4qZBW3f2Q8y0k1A84d4iAO,TT,86.0
18.0,2ODvWsOgouMbaA5xf0RkJe,TT,92.0
14.0,0P3oVJBFOv3TDXlYRhGL7s,TT,88.0
10.0,3hhDpPtCFuQbppwYgsVhMO,TT,65.0
30.0,2XGEyGU76kj55OdHWynX0S,TT,64.0
9.0,04hy4jb1GDD00otiwzsFUB,TT,62.0
9.0,6F87lH0I09qlrzvCCKc7lz,TT,63.0
9.0,7zCODUHkfuRxsUjtuzNqbd,TT,79.0
31.0,1OARrXe5sB0gyy3MhQ8h92,TV,70.0
22.0,4M2Mf4pmARKGVT9MLCe3HA,TV,64.0
24.0,12INlMsFtBjyehNnawBv36,TV,64.0
16.0,2nLOHgzXzwFEpl62zAgCEC,TV,85.0
14.0,4yP0hdKOZPNshxUOjY0cZj,TV,91.0
7.0,4qZBW3f2Q8y0k1A84d4iAO,TV,86.0
18.0,2ODvWsOgouMbaA5xf0RkJe,TV,92.0
14.0,0P3oVJBFOv3TDXlYRhGL7s,TV,88.0
10.0,3hhDpPtCFuQbppwYgsVhMO,TV,65.0
30.0,2XGEyGU76kj55OdHWynX0S,TV,64.0
9.0,04hy4jb1GDD00otiwzsFUB,TV,62.0
9.0,6F87lH0I09qlrzvCCKc7lz,TV,63.0
9.0,7zCODUHkfuRxsUjtuzNqbd,TV,79.0
31.0,1OARrXe5sB0gyy3MhQ8h92,TW,70.0
22.0,4M2Mf4pmARKGVT9MLCe3HA,TW,64.0
24.0,12INlMsFtBjyehNnawBv36,TW,64.0
16.0,2nLOHgzXzwFEpl62zAgCEC,TW,85.0
14.0,4yP0hdKOZPNshxUOjY0cZj,TW,91.0
7.0,4qZBW3f2Q8y0k1A84d4iAO,TW,86.0
18.0,2ODvWsOgouMbaA5xf0RkJe,TW,92.0
14.0,0P3oVJBFOv3TDXlYRhGL7s,TW,88.0
10.0,3hhDpPtCFuQbppwYgsVhMO,TW,65.0
30.0,2XGEyGU76kj55OdHWynX0S,TW,64.0
9.0,04hy4jb1GDD00otiwzsFUB,TW,62.0
9.0,6F87lH0I09qlrzvCCKc7lz,TW,63.0
9.0,7zCODUHkfuRxsUjtuzNqbd,TW,79.0
31.0,1OARrXe5sB0gyy3MhQ8h92,TZ,70.0
22.0,4M2Mf4pmARKGVT9MLCe3HA,TZ,64.0
24.0,12INlMsFtBjyehNnawBv36,TZ,64.0
16.0,2nLOHgzXzwFEpl62zAgCEC,TZ,85.0
14.0,4yP0hdKOZPNshxUOjY0cZj,TZ,91.0
7.0,4qZBW3f2Q8y0k1A84d4iAO,TZ,86.0
18.0,2ODvWsOgouMbaA5xf0RkJe,TZ,92.0
14.0,0P3oVJBFOv3TDXlYRhGL7s,TZ,88.0
10.0,3hhDpPtCFuQbppwYgsVhMO,TZ,65.0
30.0,2XGEyGU76kj55OdHWynX0S,TZ,64.0
9.0,04hy4jb1GDD00otiwzsFUB,TZ,62.0
9.0,6F87lH0I09qlrzvCCKc7lz,TZ,63.0
9.0,7zCODUHkfuRxsUjtuzNqbd,TZ,79.0
31.0,1OARrXe5sB0gyy3MhQ8h92,UA,70.0
22.0,4M2Mf4pmARKGVT9MLCe3HA,UA,64.0
24.0,12INlMsFtBjyehNnawBv36,UA,64.0
16.0,2nLOHgzXzwFEpl62zAgCEC,UA,85.0
14.0,4yP0hdKOZPNshxUOjY0cZj,UA,91.0
7.0,4qZBW3f2Q8y0k1A84d4iAO,UA,86.0
18.0,2ODvWsOgouMbaA5xf0RkJe,UA,92.0
14.0,0P3oVJBFOv3TDXlYRhGL7s,UA,88.0
10.0,3hhDpPtCFuQbppwYgsVhMO,UA,65.0
30.0,2XGEyGU76kj55OdHWynX0S,UA,64.0
9.0,04hy4jb1GDD00otiwzsFUB,UA,62.0
9.0,6F87lH0I09qlrzvCCKc7lz,UA,63.0
9.0,7zCODUHkfuRxsUjtuzNqbd,UA,79.0
31.0,1OARrXe5sB0gyy3MhQ8h92,UG,70.0
22.0,4M2Mf4pmARKGVT9MLCe3HA,UG,64.0
24.0,12INlMsFtBjyehNnawBv36,UG,64.0
16.0,2nLOHgzXzwFEpl62zAgCEC,UG,85.0
14.0,4yP0hdKOZPNshxUOjY0cZj,UG,91.0
7.0,4qZBW3f2Q8y0k1A84d4iAO,UG,86.0
18.0,2ODvWsOgouMbaA5xf0RkJe,UG,92.0
14.0,0P3oVJBFOv3TDXlYRhGL7s,UG,88.0
10.0,3hhDpPtCFuQbppwYgsVhMO,UG,65.0
30.0,2XGEyGU76kj55OdHWynX0S,UG,64.0
9.0,04hy4jb1GDD00otiwzsFUB,UG,62.0
9.0,6F87lH0I09qlrzvCCKc7lz,UG,63.0
9.0,7zCODUHkfuRxsUjtuzNqbd,UG,79.0
31.0,1OARrXe5sB0gyy3MhQ8h92,US,70.0
22.0,4M2Mf4pmARKGVT9MLCe3HA,US,64.0
24.0,12INlMsFtBjyehNnawBv36,US,64.0
16.0,2nLOHgzXzwFEpl62zAgCEC,US,85.0
14.0,4yP0hdKOZPNshxUOjY0cZj,US,91.0
7.0,4qZBW3f2Q8y0k1A84d4iAO,US,86.0
18.0,2ODvWsOgouMbaA5xf0RkJe,US,92.0
14.0,0P3oVJBFOv3TDXlYRhGL7s,US,88.0
10.0,3hhDpPtCFuQbppwYgsVhMO,US,65.0
30.0,2XGEyGU76kj55OdHWynX0S,US,64.0
9.0,04hy4jb1GDD00otiwzsFUB,US,62.0
9.0,6F87lH0I09qlrzvCCKc7lz,US,63.0
9.0,7zCODUHkfuRxsUjtuzNqbd,US,79.0
31.0,1OARrXe5sB0gyy3MhQ8h92,UY,70.0
22.0,4M2Mf4pmARKGVT9MLCe3HA,UY,64.0
24.0,12INlMsFtBjyehNnawBv36,UY,64.0
16.0,2nLOHgzXzwFEpl62zAgCEC,UY,85.0
14.0,4yP0hdKOZPNshxUOjY0cZj,UY,91.0
7.0,4qZBW3f2Q8y0k1A84d4iAO,UY,86.0
18.0,2ODvWsOgouMbaA5xf0RkJe,UY,92.0
14.0,0P3oVJBFOv3TDXlYRhGL7s,UY,88.0
10.0,3hhDpPtCFuQbppwYgsVhMO,UY,65.0
30.0,2XGEyGU76kj55OdHWynX0S,UY,64.0
9.0,04hy4jb1GDD00otiwzsFUB,UY,62.0
9.0,6F87lH0I09qlrzvCCKc7lz,UY,63.0
9.0,7zCODUHkfuRxsUjtuzNqbd,UY,79.0
31.0,1OARrXe5sB0gyy3MhQ8h92,UZ,70.0
22.0,4M2Mf4pmARKGVT9MLCe3HA,UZ,64.0
24.0,12INlMsFtBjyehNnawBv36,UZ,64.0
16.0,2nLOHgzXzwFEpl62zAgCEC,UZ,85.0
14.0,4yP0hdKOZPNshxUOjY0cZj,UZ,91.0
7.0,4qZBW3f2Q8y0k1A84d4iAO,UZ,86.0
18.0,2ODvWsOgouMbaA5xf0RkJe,UZ,92.0
14.0,0P3oVJBFOv3TDXlYRhGL7s,UZ,88.0
10.0,3hhDpPtCFuQbppwYgsVhMO,UZ,65.0
30.0,2XGEyGU76kj55OdHWynX0S,UZ,64.0
9.0,04hy4jb1GDD00otiwzsFUB,UZ,62.0
9.0,6F87lH0I09qlrzvCCKc7lz,UZ,63.0
9.0,7zCODUHkfuRxsUjtuzNqbd,UZ,79.0
31.0,1OARrXe5sB0gyy3MhQ8h92,VC,70.0
22.0,4M2Mf4pmARKGVT9MLCe3HA,VC,64.0
24.0,12INlMsFtBjyehNnawBv36,VC,64.0
16.0,2nLOHgzXzwFEpl62zAgCEC,VC,85.0
14.0,4yP0hdKOZPNshxUOjY0cZj,VC,91.0
7.0,4qZBW3f2Q8y0k1A84d4iAO,VC,86.0
18.0,2ODvWsOgouMbaA5xf0RkJe,VC,92.0
14.0,0P3oVJBFOv3TDXlYRhGL7s,VC,88.0
10.0,3hhDpPtCFuQbppwYgsVhMO,VC,65.0
30.0,2XGEyGU76kj55OdHWynX0S,VC,64.0
9.0,04hy4jb1GDD00otiwzsFUB,VC,62.0
9.0,6F87lH0I09qlrzvCCKc7lz,VC,63.0
9.0,7zCODUHkfuRxsUjtuzNqbd,VC,79.0
31.0,1OARrXe5sB0gyy3MhQ8h92,VE,70.0
22.0,4M2Mf4pmARKGVT9MLCe3HA,VE,64.0
24.0,12INlMsFtBjyehNnawBv36,VE,64.0
16.0,2nLOHgzXzwFEpl62zAgCEC,VE,85.0
14.0,4yP0hdKOZPNshxUOjY0cZj,VE,91.0
7.0,4qZBW3f2Q8y0k1A84d4iAO,VE,86.0
18.0,2ODvWsOgouMbaA5xf0RkJe,VE,92.0
14.0,0P3oVJBFOv3TDXlYRhGL7s,VE,88.0
10.0,3hhDpPtCFuQbppwYgsVhMO,VE,65.0
30.0,2XGEyGU76kj55OdHWynX0S,VE,64.0
9.0,04hy4jb1GDD00otiwzsFUB,VE,62.0
9.0,6F87lH0I09qlrzvCCKc7lz,VE,63.0
9.0,7zCODUHkfuRxsUjtuzNqbd,VE,79.0
31.0,1OARrXe5sB0gyy3MhQ8h92,VN,70.0
22.0,4M2Mf4pmARKGVT9MLCe3HA,VN,64.0
24.0,12INlMsFtBjyehNnawBv36,VN,64.0
16.0,2nLOHgzXzwFEpl62zAgCEC,VN,85.0
14.0,4yP0hdKOZPNshxUOjY0cZj,VN,91.0
7.0,4qZBW3f2Q8y0k1A84d4iAO,VN,86.0
18.0,2ODvWsOgouMbaA5xf0RkJe,VN,92.0
14.0,0P3oVJBFOv3TDXlYRhGL7s,VN,88.0
10.0,3hhDpPtCFuQbppwYgsVhMO,VN,65.0
30.0,2XGEyGU76kj55OdHWynX0S,VN,64.0
9.0,04hy4jb1GDD00otiwzsFUB,VN,62.0
9.0,6F87lH0I09qlrzvCCKc7lz,VN,63.0
9.0,7zCODUHkfuRxsUjtuzNqbd,VN,79.0
31.0,1OARrXe5sB0gyy3MhQ8h92,VU,70.0
22.0,4M2Mf4pmARKGVT9MLCe3HA,VU,64.0
24.0,12INlMsFtBjyehNnawBv36,VU,64.0
16.0,2nLOHgzXzwFEpl62zAgCEC,VU,85.0
14.0,4yP0hdKOZPNshxUOjY0cZj,VU,91.0
7.0,4qZBW3f2Q8y0k1A84d4iAO,VU,86.0
18.0,2ODvWsOgouMbaA5xf0RkJe,VU,92.0
14.0,0P3oVJBFOv3TDXlYRhGL7s,VU,88.0
10.0,3hhDpPtCFuQbppwYgsVhMO,VU,65.0
30.0,2XGEyGU76kj55OdHWynX0S,VU,64.0
9.0,04hy4jb1GDD00otiwzsFUB,VU,62.0
9.0,6F87lH0I09qlrzvCCKc7lz,VU,63.0
9.0,7zCODUHkfuRxsUjtuzNqbd,VU,79.0
31.0,1OARrXe5sB0gyy3MhQ8h92,WS,70.0
22.0,4M2Mf4pmARKGVT9MLCe3HA,WS,64.0
24.0,12INlMsFtBjyehNnawBv36,WS,64.0
16.0,2nLOHgzXzwFEpl62zAgCEC,WS,85.0
14.0,4yP0hdKOZPNshxUOjY0cZj,WS,91.0
7.0,4qZBW3f2Q8y0k1A84d4iAO,WS,86.0
18.0,2ODvWsOgouMbaA5xf0RkJe,WS,92.0
14.0,0P3oVJBFOv3TDXlYRhGL7s,WS,88.0
10.0,3hhDpPtCFuQbppwYgsVhMO,WS,65.0
30.0,2XGEyGU76kj55OdHWynX0S,WS,64.0
9.0,04hy4jb1GDD00otiwzsFUB,WS,62.0
9.0,6F87lH0I09qlrzvCCKc7lz,WS,63.0
9.0,7zCODUHkfuRxsUjtuzNqbd,WS,79.0
31.0,1OARrXe5sB0gyy3MhQ8h92,XK,70.0
22.0,4M2Mf4pmARKGVT9MLCe3HA,XK,64.0
24.0,12INlMsFtBjyehNnawBv36,XK,64.0
16.0,2nLOHgzXzwFEpl62zAgCEC,XK,85.0
14.0,4yP0hdKOZPNshxUOjY0cZj,XK,91.0
7.0,4qZBW3f2Q8y0k1A84d4iAO,XK,86.0
18.0,2ODvWsOgouMbaA5xf0RkJe,XK,92.0
14.0,0P3oVJBFOv3TDXlYRhGL7s,XK,88.0
10.0,3hhDpPtCFuQbppwYgsVhMO,XK,65.0
30.0,2XGEyGU76kj55OdHWynX0S,XK,64.0
9.0,04hy4jb1GDD00otiwzsFUB,XK,62.0
9.0,6F87lH0I09qlrzvCCKc7lz,XK,63.0
9.0,7zCODUHkfuRxsUjtuzNqbd,XK,79.0
31.0,1OARrXe5sB0gyy3MhQ8h92,ZA,70.0
22.0,4M2Mf4pmARKGVT9MLCe3HA,ZA,64.0
24.0,12INlMsFtBjyehNnawBv36,ZA,64.0
16.0,2nLOHgzXzwFEpl62zAgCEC,ZA,85.0
14.0,4yP0hdKOZPNshxUOjY0cZj,ZA,91.0
7.0,4qZBW3f2Q8y0k1A84d4iAO,ZA,86.0
18.0,2ODvWsOgouMbaA5xf0RkJe,ZA,92.0
14.0,0P3oVJBFOv3TDXlYRhGL7s,ZA,88.0
10.0,3hhDpPtCFuQbppwYgsVhMO,ZA,65.0
30.0,2XGEyGU76kj55OdHWynX0S,ZA,64.0
9.0,04hy4jb1GDD00otiwzsFUB,ZA,62.0
9.0,6F87lH0I09qlrzvCCKc7lz,ZA,63.0
9.0,7zCODUHkfuRxsUjtuzNqbd,ZA,79.0
31.0,1OARrXe5sB0gyy3MhQ8h92,ZM,70.0
22.0,4M2Mf4pmARKGVT9MLCe3HA,ZM,64.0
24.0,12INlMsFtBjyehNnawBv36,ZM,64.0
16.0,2nLOHgzXzwFEpl62zAgCEC,ZM,85.0
14.0,4yP0hdKOZPNshxUOjY0cZj,ZM,91.0
7.0,4qZBW3f2Q8y0k1A84d4iAO,ZM,86.0
18.0,2ODvWsOgouMbaA5xf0RkJe,ZM,92.0
14.0,0P3oVJBFOv3TDXlYRhGL7s,ZM,88.0
10.0,3hhDpPtCFuQbppwYgsVhMO,ZM,65.0
30.0,2XGEyGU76kj55OdHWynX0S,ZM,64.0
9.0,04hy4jb1GDD00otiwzsFUB,ZM,62.0
9.0,6F87lH0I09qlrzvCCKc7lz,ZM,63.0
9.0,7zCODUHkfuRxsUjtuzNqbd,ZM,79.0
31.0,1OARrXe5sB0gyy3MhQ8h92,ZW,70.0
22.0,4M2Mf4pmARKGVT9MLCe3HA,ZW,64.0
24.0,12INlMsFtBjyehNnawBv36,ZW,64.0
16.0,2nLOHgzXzwFEpl62zAgCEC,ZW,85.0
14.0,4yP0hdKOZPNshxUOjY0cZj,ZW,91.0
7.0,4qZBW3f2Q8y0k1A84d4iAO,ZW,86.0
18.0,2ODvWsOgouMbaA5xf0RkJe,ZW,92.0
14.0,0P3oVJBFOv3TDXlYRhGL7s,ZW,88.0
10.0,3hhDpPtCFuQbppwYgsVhMO,ZW,65.0
30.0,2XGEyGU76kj55OdHWynX0S,ZW,64.0
9.0,04hy4jb1GDD00otiwzsFUB,ZW,62.0
9.0,6F87lH0I09qlrzvCCKc7lz,ZW,63.0
9.0,7zCODUHkfuRxsUjtuzNqbd,ZW,79.0
